AddressID,CustomerID,Address1,Address2,City,State,PostalCode,Date
1,1,52749 Union Court,82995 Bluestem Trail,Oklahoma City,Oklahoma,73142,1/25/2018
2,2,76832 Norway Maple Plaza,6 Waxwing Court,Washington,District of Columbia,20073,10/9/2017
3,3,04012 Coleman Way,24 Russell Center,Missoula,Montana,59806,5/19/2018
4,4,50 Dakota Pass,50 Sugar Lane,Columbus,Georgia,31998,7/10/2017
5,5,07 Eagan Alley,17 Novick Drive,Spokane,Washington,99210,8/19/2017
6,6,05565 Ruskin Hill,9 Spaight Crossing,Buffalo,New York,14276,3/3/2018
7,7,9210 Arrowood Place,7 Pond Parkway,Orlando,Florida,32859,12/25/2017
8,8,331 Hauk Way,8 Maryland Lane,Clearwater,Florida,34620,12/10/2017
9,9,30343 Esker Pass,4680 Karstens Hill,Sacramento,California,94257,9/15/2017
10,10,55 Laurel Lane,9263 Maple Wood Park,Columbus,Ohio,43226,7/31/2017
11,11,269 Springview Pass,67538 Bellgrove Court,Winter Haven,Florida,33884,6/10/2018
12,12,229 Calypso Circle,7986 Artisan Plaza,Spring,Texas,77388,4/30/2018
13,13,3172 Goodland Point,509 Morningstar Center,Tampa,Florida,33615,9/27/2017
14,14,19 Porter Center,4858 Forest Drive,Fort Myers,Florida,33994,4/7/2018
15,15,50 Kenwood Junction,56 Village Green Place,Houston,Texas,77090,7/24/2017
16,16,0 Myrtle Crossing,25 Gale Avenue,Washington,District of Columbia,20425,11/26/2017
17,17,8 Sycamore Point,17 Corscot Trail,El Paso,Texas,88541,2/13/2018
18,18,3981 Grasskamp Point,09 Hallows Road,Raleigh,North Carolina,27690,3/15/2018
19,19,6407 Luster Lane,63063 Bobwhite Parkway,Wichita Falls,Texas,76305,6/9/2018
20,20,6102 Westridge Circle,974 American Ash Parkway,Birmingham,Alabama,35295,10/1/2017
21,21,575 Lotheville Circle,056 Brown Park,Roanoke,Virginia,24020,7/1/2018
22,22,901 Clove Way,9 Meadow Valley Center,New York City,New York,10160,6/25/2018
23,23,2 New Castle Point,25805 Mayer Lane,Harrisburg,Pennsylvania,17126,5/30/2018
24,24,2580 Coolidge Alley,6 South Crossing,El Paso,Texas,88558,3/9/2018
25,25,5223 Mifflin Court,1 Ridge Oak Lane,Denver,Colorado,80255,1/30/2018
26,26,552 Debs Drive,2 Ridge Oak Place,Lincoln,Nebraska,68510,2/6/2018
27,27,3 Dahle Junction,44702 Springview Way,Los Angeles,California,90065,5/7/2018
28,28,937 Maryland Terrace,63 Weeping Birch Park,San Antonio,Texas,78278,3/17/2018
29,29,17205 Dakota Crossing,6 Lunder Plaza,Columbus,Ohio,43210,2/22/2018
30,30,9668 Granby Place,30 Golf View Terrace,Naples,Florida,34114,4/28/2018
31,31,3262 Veith Plaza,540 Pleasure Junction,Houston,Texas,77212,7/20/2017
32,32,30 Carberry Road,7 Gina Way,Trenton,New Jersey,08695,8/12/2017
33,33,322 Dwight Point,25 Vera Pass,Denver,Colorado,80279,4/1/2018
34,34,7603 Aberg Point,8 Dapin Drive,Tacoma,Washington,98405,1/11/2018
35,35,3 Jenna Place,32966 Nancy Terrace,Memphis,Tennessee,38104,12/8/2017
36,36,38 Melvin Center,508 Lighthouse Bay Point,Washington,District of Columbia,20244,10/16/2017
37,37,6070 Pond Lane,52 Randy Alley,West Palm Beach,Florida,33411,8/26/2017
38,38,75907 Scott Center,70580 Beilfuss Trail,Charlotte,North Carolina,28225,6/8/2018
39,39,113 Doe Crossing Place,1336 Oneill Road,Littleton,Colorado,80161,4/13/2018
40,40,9 Moose Terrace,60327 Manley Court,Springfield,Illinois,62776,7/24/2017
41,41,9 Springs Place,460 Westerfield Park,Winston Salem,North Carolina,27150,1/13/2018
42,42,57409 Declaration Terrace,04648 Dawn Circle,Arlington,Virginia,22244,3/6/2018
43,43,7194 Stang Way,613 Oriole Park,Santa Monica,California,90410,10/21/2017
44,44,15 Laurel Plaza,573 Sachs Crossing,Washington,District of Columbia,20005,3/17/2018
45,45,38 Dennis Junction,032 Laurel Trail,Charlotte,North Carolina,28247,10/14/2017
46,46,126 Homewood Trail,34020 Miller Place,Fort Smith,Arkansas,72905,9/11/2017
47,47,45010 Susan Way,04809 Mayer Hill,Fort Worth,Texas,76110,5/18/2018
48,48,73331 Crowley Way,5 Maywood Drive,Philadelphia,Pennsylvania,19172,2/5/2018
49,49,97098 Beilfuss Drive,598 Knutson Junction,Baton Rouge,Louisiana,70820,9/20/2017
50,50,18 Old Shore Hill,8187 Badeau Pass,Saint Petersburg,Florida,33710,9/16/2017
51,51,61 Loomis Court,1 Debs Parkway,Brockton,Massachusetts,02305,9/8/2017
52,52,7356 Acker Parkway,5861 Prentice Drive,Columbus,Ohio,43231,8/15/2017
53,53,81 Lyons Street,908 Bartillon Street,Hartford,Connecticut,06145,7/12/2017
54,54,3 Leroy Crossing,509 Mayfield Lane,Des Moines,Iowa,50330,6/1/2018
55,55,25 Killdeer Street,2 Kropf Junction,Oklahoma City,Oklahoma,73119,12/15/2017
56,56,088 Crownhardt Hill,480 American Ash Alley,Lexington,Kentucky,40581,3/10/2018
57,57,5 Linden Pass,8 Eastlawn Pass,Philadelphia,Pennsylvania,19196,12/27/2017
58,58,03018 Arizona Circle,527 Clemons Center,Buffalo,New York,14205,2/9/2018
59,59,925 Starling Parkway,813 Sutteridge Way,Santa Barbara,California,93111,3/6/2018
60,60,98460 Rusk Place,814 Dakota Plaza,San Antonio,Texas,78278,8/21/2017
61,61,207 Dovetail Road,83073 Golf Pass,Bakersfield,California,93399,11/11/2017
62,62,81097 Doe Crossing Road,70583 Pepper Wood Plaza,Van Nuys,California,91499,1/3/2018
63,63,664 Tennessee Lane,5344 Northland Hill,Indianapolis,Indiana,46239,4/30/2018
64,64,9884 Coleman Court,139 Transport Drive,San Francisco,California,94159,9/21/2017
65,65,09305 Summit Road,48101 Jenifer Park,Los Angeles,California,90065,6/9/2018
66,66,7 Forest Street,50093 Darwin Center,Austin,Texas,78778,5/9/2018
67,67,17 Hansons Road,7 Mallard Alley,Las Vegas,Nevada,89135,6/20/2018
68,68,8713 Alpine Terrace,38598 Dakota Alley,Las Vegas,Nevada,89135,8/9/2017
69,69,91869 Golf View Hill,898 Cascade Trail,Colorado Springs,Colorado,80951,6/1/2018
70,70,647 Grayhawk Circle,6 Butterfield Circle,Vero Beach,Florida,32969,10/3/2017
71,71,8 Lakewood Circle,589 Little Fleur Crossing,Orlando,Florida,32825,2/17/2018
72,72,24 Clemons Place,9189 Gulseth Court,Atlanta,Georgia,30351,3/4/2018
73,73,913 Norway Maple Trail,94467 Riverside Circle,Tampa,Florida,33605,11/16/2017
74,74,3642 Oriole Center,22 Orin Lane,Shawnee Mission,Kansas,66225,5/12/2018
75,75,921 Esker Trail,0452 Golden Leaf Parkway,Lincoln,Nebraska,68531,2/25/2018
76,76,9572 Little Fleur Park,766 Harper Drive,Stamford,Connecticut,06905,2/20/2018
77,77,36163 Bunting Parkway,4 Amoth Junction,Houston,Texas,77288,4/15/2018
78,78,35 Eagan Hill,601 Spenser Pass,Pittsburgh,Pennsylvania,15255,1/23/2018
79,79,97 Hintze Lane,40055 Bultman Junction,Lexington,Kentucky,40586,12/24/2017
80,80,1 Maple Wood Circle,0379 South Park,Northridge,California,91328,12/13/2017
81,81,0 Spenser Street,5 Annamark Street,Atlanta,Georgia,30336,12/13/2017
82,82,36 Grim Hill,1910 Grasskamp Point,Alexandria,Virginia,22333,3/5/2018
83,83,81 Pierstorff Center,183 Rutledge Way,Richmond,Virginia,23203,11/28/2017
84,84,2 Schurz Drive,55714 Merrick Way,Milwaukee,Wisconsin,53234,7/26/2017
85,85,75094 Tony Point,477 Jana Drive,Daytona Beach,Florida,32128,4/1/2018
86,86,9060 Washington Street,620 Hoard Point,Tucson,Arizona,85725,3/15/2018
87,87,825 Knutson Street,38 Vernon Place,Springfield,Massachusetts,01105,4/15/2018
88,88,0668 Barnett Junction,579 Hooker Plaza,Santa Ana,California,92705,10/27/2017
89,89,8 Petterle Court,565 Clyde Gallagher Place,Shreveport,Louisiana,71151,12/12/2017
90,90,2 Nevada Avenue,08044 Carpenter Court,Albuquerque,New Mexico,87201,8/25/2017
91,91,104 Mccormick Hill,5830 Grim Way,Boise,Idaho,83727,7/21/2017
92,92,95788 Moulton Alley,45 New Castle Junction,Lubbock,Texas,79410,3/26/2018
93,93,2546 Dexter Trail,4 Chive Lane,Worcester,Massachusetts,01610,4/23/2018
94,94,7 Meadow Vale Parkway,3 Fuller Park,Alexandria,Virginia,22333,9/2/2017
95,95,30519 Milwaukee Street,28517 Basil Lane,Garden Grove,California,92645,9/15/2017
96,96,91871 Anzinger Alley,08 Pond Court,Brooklyn,New York,11241,2/5/2018
97,97,91 Northland Way,76957 Merrick Avenue,Moreno Valley,California,92555,9/4/2017
98,98,4147 Weeping Birch Court,912 Delladonna Circle,Santa Monica,California,90405,12/16/2017
99,99,32698 Cascade Park,23598 Crownhardt Point,Glendale,California,91205,3/15/2018
100,100,66972 Chinook Center,16 Daystar Park,Tampa,Florida,33694,8/3/2017
101,101,732 Nobel Point,0 Linden Circle,Falls Church,Virginia,22047,6/17/2018
102,102,90 Hayes Hill,607 Loomis Point,Columbus,Ohio,43210,12/12/2017
103,103,9 Carioca Hill,17604 Holy Cross Center,San Francisco,California,94169,8/12/2017
104,104,02 Mccormick Crossing,44369 Eagan Park,Phoenix,Arizona,85077,5/25/2018
105,105,00 Maple Wood Plaza,0 Lakewood Plaza,New Orleans,Louisiana,70154,5/18/2018
106,106,95168 Logan Avenue,12 Hanson Junction,Detroit,Michigan,48295,9/26/2017
107,107,7768 Dunning Center,5 Derek Way,Cambridge,Massachusetts,02142,3/18/2018
108,108,9335 Summit Road,63069 Tomscot Way,Memphis,Tennessee,38161,9/30/2017
109,109,9 Dwight Place,5 South Alley,Sacramento,California,95852,8/29/2017
110,110,9 Westend Avenue,8 Clove Way,Las Vegas,Nevada,89135,7/17/2017
111,111,501 Bowman Pass,058 Bowman Street,Beaverton,Oregon,97075,3/7/2018
112,112,98 Milwaukee Parkway,192 Little Fleur Way,Kent,Washington,98042,3/2/2018
113,113,3941 Bunting Trail,372 Center Center,Atlanta,Georgia,31119,9/29/2017
114,114,223 Schiller Terrace,77 Ridge Oak Road,Huntington,West Virginia,25770,12/2/2017
115,115,1225 Coleman Crossing,0896 Moland Street,Dallas,Texas,75221,4/11/2018
116,116,85 Evergreen Center,705 Bunker Hill Street,Indianapolis,Indiana,46295,4/8/2018
117,117,64 Maple Park,52 Dryden Park,Virginia Beach,Virginia,23471,12/29/2017
118,118,4 Cambridge Road,23962 Hauk Hill,San Diego,California,92127,3/31/2018
119,119,53 Crest Line Crossing,02206 Mockingbird Junction,Boynton Beach,Florida,33436,4/9/2018
120,120,5718 Hoard Parkway,93 Harper Center,Topeka,Kansas,66611,5/30/2018
121,121,98 Calypso Pass,52285 Jenifer Pass,Saint Louis,Missouri,63104,11/15/2017
122,122,46 Mayfield Court,40208 Farragut Junction,Petaluma,California,94975,1/24/2018
123,123,69 Melrose Parkway,73294 Everett Lane,Salt Lake City,Utah,84130,11/7/2017
124,124,42 Rusk Crossing,260 Dawn Lane,Portland,Oregon,97201,12/2/2017
125,125,34 Grayhawk Street,1 Westerfield Trail,Washington,District of Columbia,20566,4/14/2018
126,126,0436 Little Fleur Way,12 Cottonwood Pass,Houston,Texas,77288,6/28/2018
127,127,75 Morning Way,8455 Meadow Valley Junction,Charlotte,North Carolina,28272,2/15/2018
128,128,990 Rutledge Way,2 Randy Point,Wichita,Kansas,67230,11/8/2017
129,129,943 Eggendart Center,374 Pearson Park,Colorado Springs,Colorado,80915,2/14/2018
130,130,179 Milwaukee Pass,3 Blackbird Hill,Los Angeles,California,90020,12/8/2017
131,131,44 Upham Court,13573 Scoville Alley,El Paso,Texas,88535,6/26/2018
132,132,35207 Morning Alley,6 Northview Plaza,Jacksonville,Florida,32230,9/22/2017
133,133,23460 Lawn Parkway,55808 Lillian Point,Shreveport,Louisiana,71161,12/4/2017
134,134,68 Kim Avenue,27354 Anhalt Trail,Oklahoma City,Oklahoma,73142,10/19/2017
135,135,0 Maple Wood Avenue,58499 Dryden Parkway,Las Vegas,Nevada,89130,4/17/2018
136,136,32099 Westridge Avenue,66 Utah Center,El Paso,Texas,79950,3/5/2018
137,137,30316 Delaware Terrace,9 Melvin Trail,Milwaukee,Wisconsin,53205,7/11/2017
138,138,96037 Schiller Drive,9882 Golf View Center,Raleigh,North Carolina,27605,3/20/2018
139,139,8231 Jana Place,397 Burning Wood Avenue,Saint Paul,Minnesota,55123,5/21/2018
140,140,8 La Follette Place,23972 Westerfield Circle,Los Angeles,California,90101,12/28/2017
141,141,3 Pennsylvania Plaza,38866 Hovde Drive,San Jose,California,95194,2/19/2018
142,142,0 Donald Lane,116 Independence Terrace,Saint Louis,Missouri,63150,11/22/2017
143,143,23 Rieder Parkway,49 Thompson Circle,Greenville,South Carolina,29615,3/24/2018
144,144,7 Reindahl Crossing,0500 Schlimgen Avenue,Arlington,Texas,76004,8/22/2017
145,145,3568 Gulseth Trail,02434 Orin Terrace,Oklahoma City,Oklahoma,73157,2/3/2018
146,146,38231 Amoth Way,3 Surrey Terrace,Beaumont,Texas,77713,7/15/2017
147,147,939 Grim Plaza,52 Village Terrace,San Francisco,California,94147,2/3/2018
148,148,775 Dawn Trail,17 Old Gate Circle,Lansing,Michigan,48919,10/13/2017
149,149,828 Marquette Crossing,467 Oakridge Circle,Denver,Colorado,80228,4/7/2018
150,150,6 Ruskin Parkway,73 Riverside Drive,New Orleans,Louisiana,70154,10/14/2017
151,151,75 Graedel Circle,977 Mayfield Way,Anchorage,Alaska,99512,3/28/2018
152,152,65 Stuart Place,860 Bowman Plaza,Fort Collins,Colorado,80525,6/5/2018
153,153,7874 Mesta Crossing,9 Express Way,Hartford,Connecticut,06152,3/25/2018
154,154,46 Norway Maple Drive,718 Darwin Trail,Nashville,Tennessee,37250,9/23/2017
155,155,00130 Delaware Road,7 Pepper Wood Park,Birmingham,Alabama,35244,5/11/2018
156,156,14 Hayes Junction,69064 Fisk Pass,Washington,District of Columbia,20404,12/3/2017
157,157,7 Old Shore Point,7 8th Avenue,Hartford,Connecticut,06152,2/17/2018
158,158,734 Esker Point,72987 Sunbrook Drive,Atlanta,Georgia,30340,7/19/2017
159,159,30704 Maywood Pass,85676 Troy Trail,Elizabeth,New Jersey,07208,3/5/2018
160,160,705 Blackbird Parkway,419 Jana Lane,Huntington,West Virginia,25721,11/23/2017
161,161,8431 Prairie Rose Junction,20 Jana Avenue,Tulsa,Oklahoma,74133,7/7/2018
162,162,47 Fulton Park,1879 Utah Center,Camden,New Jersey,08104,3/5/2018
163,163,6 Hintze Trail,78986 Bowman Street,Chicago,Illinois,60669,1/14/2018
164,164,9633 Paget Road,29 Chinook Crossing,Tampa,Florida,33673,5/11/2018
165,165,4 Artisan Hill,52163 Declaration Trail,Amarillo,Texas,79182,7/7/2018
166,166,17 Toban Junction,548 Reindahl Avenue,Chicago,Illinois,60630,1/17/2018
167,167,09198 Center Street,211 Acker Hill,Berkeley,California,94712,6/15/2018
168,168,78521 Maple Wood Drive,090 Banding Pass,Las Vegas,Nevada,89110,9/29/2017
169,169,7499 Bellgrove Terrace,90 Northview Avenue,Inglewood,California,90310,1/21/2018
170,170,3 Rockefeller Way,833 Gale Lane,Schenectady,New York,12325,1/31/2018
171,171,445 Corry Road,85395 Jenifer Way,Houston,Texas,77245,2/17/2018
172,172,1 Thompson Trail,604 Mccormick Terrace,Fresno,California,93709,9/15/2017
173,173,969 North Way,925 Sullivan Pass,Jefferson City,Missouri,65105,3/19/2018
174,174,71 Loftsgordon Plaza,4735 Twin Pines Trail,Tuscaloosa,Alabama,35487,2/26/2018
175,175,6 Toban Lane,554 Union Drive,Brooklyn,New York,11225,11/30/2017
176,176,5 Loomis Parkway,331 Melvin Drive,Tuscaloosa,Alabama,35405,5/17/2018
177,177,1 Hudson Place,89732 Wayridge Avenue,Mount Vernon,New York,10557,12/17/2017
178,178,68047 Cherokee Crossing,49 Cody Park,Austin,Texas,78721,4/26/2018
179,179,492 Merry Crossing,43897 Westerfield Drive,El Paso,Texas,88541,1/5/2018
180,180,72288 Red Cloud Hill,04489 Meadow Ridge Place,Lakewood,Washington,98498,9/8/2017
181,181,06 Dorton Parkway,1 Longview Point,Fort Lauderdale,Florida,33315,1/13/2018
182,182,86 Colorado Crossing,1637 Stephen Lane,Irvine,California,92717,6/6/2018
183,183,0117 Novick Way,2427 Fairfield Crossing,Atlanta,Georgia,30301,6/16/2018
184,184,79124 Rutledge Junction,783 Lakewood Terrace,New Orleans,Louisiana,70129,8/12/2017
185,185,41 Donald Place,5 Dexter Circle,Minneapolis,Minnesota,55487,5/11/2018
186,186,67 Sommers Junction,6 Karstens Trail,Houston,Texas,77095,2/18/2018
187,187,65 Welch Street,02894 Pleasure Crossing,Bradenton,Florida,34282,8/28/2017
188,188,10848 Lukken Point,48576 East Crossing,Peoria,Illinois,61614,12/23/2017
189,189,784 New Castle Street,3084 Comanche Terrace,Battle Creek,Michigan,49018,6/9/2018
190,190,44 Barby Avenue,66 Arkansas Avenue,Charlotte,North Carolina,28220,9/19/2017
191,191,0590 Oriole Alley,92 Kingsford Crossing,Apache Junction,Arizona,85219,5/4/2018
192,192,608 Pennsylvania Lane,424 Arapahoe Place,Springfield,Massachusetts,01114,6/1/2018
193,193,4 Crescent Oaks Pass,1575 Clyde Gallagher Circle,Saint Paul,Minnesota,55188,7/28/2017
194,194,91221 Shopko Parkway,46 Elgar Junction,Lansing,Michigan,48919,2/21/2018
195,195,07718 Talmadge Alley,50341 Northport Park,Baton Rouge,Louisiana,70805,8/6/2017
196,196,335 Burning Wood Junction,11 Lakewood Parkway,Spring,Texas,77386,8/5/2017
197,197,79 Maryland Trail,692 6th Lane,Huntington,West Virginia,25775,11/8/2017
198,198,285 Sommers Place,5 Farragut Way,Houston,Texas,77206,8/24/2017
199,199,35 Burning Wood Junction,31606 Daystar Drive,Madison,Wisconsin,53790,12/13/2017
200,200,77653 Maple Hill,3607 Reinke Circle,Amarillo,Texas,79116,7/31/2017
201,201,4 American Pass,458 Redwing Point,York,Pennsylvania,17405,11/17/2017
202,202,00891 Eastlawn Alley,3 Northport Parkway,Saint Cloud,Minnesota,56398,11/27/2017
203,203,914 Crest Line Circle,3 Reinke Parkway,Sarasota,Florida,34233,7/8/2017
204,204,725 Crescent Oaks Park,1 Magdeline Crossing,Santa Rosa,California,95405,12/23/2017
205,205,002 Crescent Oaks Parkway,0 Montana Place,Fort Wayne,Indiana,46814,8/27/2017
206,206,9462 Springview Street,5416 Fair Oaks Trail,Arlington,Texas,76011,1/9/2018
207,207,4620 Hoffman Pass,61846 Shopko Junction,Saint Cloud,Minnesota,56398,6/30/2018
208,208,4 3rd Avenue,9526 Manley Parkway,Kansas City,Missouri,64199,12/13/2017
209,209,1434 Walton Court,560 Judy Street,Saginaw,Michigan,48604,2/23/2018
210,210,9602 Linden Trail,949 Hansons Lane,Fort Smith,Arkansas,72905,11/7/2017
211,211,5 Monica Terrace,8 Anderson Avenue,Reading,Pennsylvania,19610,3/5/2018
212,212,42 Graedel Junction,5 Arizona Parkway,Baltimore,Maryland,21216,6/4/2018
213,213,5178 Butterfield Hill,23 Heath Parkway,Fayetteville,North Carolina,28305,12/22/2017
214,214,05174 Lakewood Gardens Crossing,34767 Mcguire Plaza,Philadelphia,Pennsylvania,19104,5/17/2018
215,215,81 Hoard Street,1 Bultman Terrace,Topeka,Kansas,66699,1/29/2018
216,216,3 Tennessee Way,084 Farmco Junction,Scranton,Pennsylvania,18514,2/19/2018
217,217,5 Graceland Center,740 Eagle Crest Park,Denver,Colorado,80204,6/8/2018
218,218,37 Ryan Avenue,20 Arkansas Place,El Paso,Texas,79905,8/10/2017
219,219,083 Boyd Parkway,6 Texas Hill,El Paso,Texas,88519,10/18/2017
220,220,82 Morningstar Point,3 Comanche Alley,New York City,New York,10004,10/18/2017
221,221,741 Blackbird Way,15342 Kinsman Way,Columbia,South Carolina,29220,11/9/2017
222,222,0444 Forest Dale Place,5023 Kinsman Alley,Elizabeth,New Jersey,07208,2/11/2018
223,223,7 Chive Trail,178 Westport Crossing,Fort Worth,Texas,76121,12/30/2017
224,224,50 Texas Park,1 Dottie Avenue,Buffalo,New York,14225,8/21/2017
225,225,77 Burrows Terrace,72 Fulton Hill,San Francisco,California,94154,10/25/2017
226,226,717 Schlimgen Park,6476 5th Alley,Houston,Texas,77005,12/27/2017
227,227,49 Golf View Point,5 Debs Point,Louisville,Kentucky,40215,4/8/2018
228,228,1 Chive Circle,34580 Hudson Lane,Syracuse,New York,13224,11/11/2017
229,229,4010 Northwestern Circle,8940 Pine View Drive,Montgomery,Alabama,36125,4/30/2018
230,230,7 Rockefeller Drive,45 Cherokee Pass,Racine,Wisconsin,53405,9/25/2017
231,231,6949 Manitowish Street,39 Arizona Street,Marietta,Georgia,30061,6/11/2018
232,232,8265 Milwaukee Parkway,63 Knutson Road,Knoxville,Tennessee,37924,4/8/2018
233,233,358 Colorado Terrace,7376 Sunnyside Center,Schenectady,New York,12325,12/24/2017
234,234,9 Harper Court,92 Southridge Trail,Orlando,Florida,32891,2/27/2018
235,235,5 Milwaukee Avenue,94313 Nelson Trail,Nashville,Tennessee,37220,3/6/2018
236,236,4 Beilfuss Parkway,80 Mockingbird Plaza,Waterloo,Iowa,50706,2/3/2018
237,237,06 Hansons Parkway,3309 Sutteridge Road,York,Pennsylvania,17405,6/9/2018
238,238,633 Shasta Junction,9802 Del Mar Hill,Saint Cloud,Minnesota,56398,1/18/2018
239,239,036 Kropf Parkway,6 Talmadge Street,Gastonia,North Carolina,28055,6/7/2018
240,240,0 Nobel Trail,27 Dahle Circle,El Paso,Texas,88546,11/18/2017
241,241,4998 Arrowood Point,29 Michigan Circle,Kansas City,Missouri,64160,6/14/2018
242,242,0427 Upham Park,59 Canary Drive,Jacksonville,Florida,32236,3/21/2018
243,243,6786 Lyons Court,143 Pennsylvania Alley,Fresno,California,93704,7/17/2017
244,244,9 Stang Terrace,315 Monterey Drive,Indianapolis,Indiana,46226,7/24/2017
245,245,21665 Cordelia Court,94320 Morrow Plaza,Atlanta,Georgia,31106,2/3/2018
246,246,43 Farragut Center,342 Truax Alley,Charleston,West Virginia,25362,3/5/2018
247,247,91 Jackson Court,6 Kinsman Circle,Portland,Oregon,97206,2/2/2018
248,248,2346 Colorado Junction,6414 Gina Hill,Richmond,Virginia,23285,6/20/2018
249,249,7185 Arizona Trail,3 Grayhawk Parkway,Torrance,California,90510,11/25/2017
250,250,7218 Forster Hill,58 Ridgeway Circle,Washington,District of Columbia,20414,5/4/2018
251,251,641 Sutherland Plaza,6 Summer Ridge Road,Las Vegas,Nevada,89178,5/7/2018
252,252,8 Lindbergh Hill,757 Cottonwood Trail,Dallas,Texas,75323,10/12/2017
253,253,33370 Glacier Hill Lane,19057 Londonderry Lane,Bethlehem,Pennsylvania,18018,10/8/2017
254,254,0 Golden Leaf Circle,7 Moland Center,Sterling,Virginia,20167,6/30/2018
255,255,400 Di Loreto Way,082 Ramsey Avenue,Newark,New Jersey,07188,5/5/2018
256,256,1 Scoville Hill,8 Elgar Junction,Sacramento,California,94291,10/14/2017
257,257,32799 East Avenue,53 Bowman Hill,Saginaw,Michigan,48609,8/12/2017
258,258,4910 Novick Park,0 Farwell Hill,Fresno,California,93762,5/1/2018
259,259,338 Onsgard Lane,5 Riverside Place,Jacksonville,Florida,32209,2/3/2018
260,260,2905 Farmco Plaza,4257 Hovde Junction,Lancaster,Pennsylvania,17605,7/2/2018
261,261,098 Valley Edge Parkway,31 Paget Place,Los Angeles,California,90094,12/22/2017
262,262,55414 Sachtjen Pass,1 Kipling Parkway,Lake Worth,Florida,33462,12/4/2017
263,263,89148 Fisk Circle,524 Kim Place,El Paso,Texas,79928,8/31/2017
264,264,69852 Sauthoff Court,88 Red Cloud Way,Dayton,Ohio,45419,4/22/2018
265,265,0078 Colorado Park,37900 Meadow Valley Pass,Dallas,Texas,75342,12/23/2017
266,266,9 Fuller Pass,480 Elmside Avenue,Sacramento,California,94291,5/9/2018
267,267,937 Northview Trail,83 Washington Point,Chicago,Illinois,60614,11/27/2017
268,268,9110 Melby Pass,6 Mariners Cove Plaza,Washington,District of Columbia,20036,5/31/2018
269,269,12 Gerald Plaza,264 4th Avenue,Dallas,Texas,75367,9/22/2017
270,270,33149 Buell Drive,1056 Springs Court,Phoenix,Arizona,85010,12/29/2017
271,271,625 Brentwood Circle,8061 Gina Circle,Chesapeake,Virginia,23324,6/23/2018
272,272,37 Kings Road,92250 Crescent Oaks Drive,Brooksville,Florida,34605,11/11/2017
273,273,36003 7th Drive,708 Maryland Trail,Omaha,Nebraska,68117,12/3/2017
274,274,116 Dottie Pass,3 High Crossing Terrace,Dayton,Ohio,45426,3/31/2018
275,275,0 Sherman Point,7 Bowman Hill,Raleigh,North Carolina,27610,1/17/2018
276,276,2 Cody Avenue,2 Village Green Avenue,Norfolk,Virginia,23509,9/27/2017
277,277,6 Oxford Circle,02439 Jana Park,Pueblo,Colorado,81010,4/5/2018
278,278,6061 Farwell Plaza,0 Reindahl Hill,Kansas City,Kansas,66112,1/10/2018
279,279,18 Loomis Trail,256 Burrows Drive,Clearwater,Florida,33758,4/24/2018
280,280,066 Sachs Parkway,3 Pawling Road,Lexington,Kentucky,40596,4/3/2018
281,281,962 Arizona Road,927 Bunting Circle,Decatur,Georgia,30089,8/24/2017
282,282,46 Vidon Road,5286 Weeping Birch Park,San Jose,California,95128,1/20/2018
283,283,00 Cordelia Drive,77 Carpenter Plaza,Jamaica,New York,11447,9/15/2017
284,284,516 Dexter Way,2514 Coleman Junction,Mobile,Alabama,36689,1/21/2018
285,285,1549 Arrowood Alley,5884 Petterle Avenue,Jacksonville,Florida,32220,4/22/2018
286,286,19 Green Court,2 Anhalt Trail,San Bernardino,California,92415,7/11/2017
287,287,6386 Hanson Junction,327 Burning Wood Hill,Fort Wayne,Indiana,46857,10/28/2017
288,288,5565 Independence Terrace,134 Ilene Street,Jacksonville,Florida,32277,7/21/2017
289,289,115 Larry Point,26 Homewood Park,Brooklyn,New York,11205,5/23/2018
290,290,895 Arkansas Park,876 Hovde Circle,Worcester,Massachusetts,01610,2/17/2018
291,291,40224 Riverside Point,9 Shoshone Terrace,Boulder,Colorado,80328,9/30/2017
292,292,63284 6th Pass,44 Waywood Alley,Austin,Texas,78769,10/4/2017
293,293,9841 Oakridge Junction,6281 Pierstorff Crossing,New York City,New York,10039,2/2/2018
294,294,29 Forster Lane,907 Katie Lane,Hollywood,Florida,33023,3/6/2018
295,295,516 Anhalt Point,12620 Southridge Avenue,Phoenix,Arizona,85010,7/20/2017
296,296,082 Riverside Place,2 Bowman Parkway,Jackson,Mississippi,39204,4/4/2018
297,297,1 Hansons Court,82257 Iowa Court,Inglewood,California,90310,12/8/2017
298,298,63 Bayside Alley,514 Village Road,Odessa,Texas,79764,8/25/2017
299,299,6469 Union Hill,45 Transport Drive,Seattle,Washington,98127,5/22/2018
300,300,9868 Hazelcrest Hill,88 Packers Alley,Beaufort,South Carolina,29905,11/20/2017
301,301,3 Atwood Parkway,02836 Mariners Cove Road,Boise,Idaho,83757,3/26/2018
302,302,9 Miller Pass,219 Lillian Terrace,Chicago,Illinois,60697,8/13/2017
303,303,8 Upham Alley,1 Hudson Parkway,Bonita Springs,Florida,34135,3/18/2018
304,304,921 Bowman Circle,218 Lake View Plaza,Chicago,Illinois,60604,7/2/2018
305,305,5 Packers Lane,1 Upham Court,Lees Summit,Missouri,64082,8/20/2017
306,306,65880 Mosinee Park,71480 Esch Court,Racine,Wisconsin,53405,3/15/2018
307,307,2 Saint Paul Place,1277 South Junction,Fresno,California,93794,8/25/2017
308,308,11116 Rockefeller Court,13217 Loeprich Crossing,Clearwater,Florida,34629,4/18/2018
309,309,19193 Blaine Court,4 Pepper Wood Pass,Tampa,Florida,33661,3/1/2018
310,310,3 Ohio Way,2550 Kennedy Crossing,Knoxville,Tennessee,37924,5/1/2018
311,311,20368 8th Road,769 Becker Way,Denver,Colorado,80279,8/7/2017
312,312,04479 Arapahoe Circle,4575 Vernon Street,Houston,Texas,77055,3/7/2018
313,313,988 Rutledge Park,70 Amoth Terrace,Dallas,Texas,75251,3/7/2018
314,314,276 Scoville Pass,890 School Crossing,Troy,Michigan,48098,6/8/2018
315,315,3 Oriole Plaza,71 Jana Place,Jamaica,New York,11431,1/2/2018
316,316,075 Declaration Plaza,4826 Ohio Court,Sacramento,California,94245,2/5/2018
317,317,9 Warner Drive,0642 Fuller Crossing,Houston,Texas,77075,3/21/2018
318,318,94955 Caliangt Lane,83126 Sundown Parkway,Jacksonville,Florida,32204,11/28/2017
319,319,49 Bonner Pass,72635 Drewry Way,New York City,New York,10280,5/17/2018
320,320,88 Vera Road,59 Mosinee Street,Buffalo,New York,14205,7/15/2017
321,321,84741 Welch Place,48 Alpine Crossing,Milwaukee,Wisconsin,53205,7/21/2017
322,322,34933 Shopko Trail,133 Bultman Center,Las Vegas,Nevada,89166,10/22/2017
323,323,2 Melvin Road,46486 Meadow Ridge Junction,Pompano Beach,Florida,33064,8/25/2017
324,324,51 Fulton Point,46 Gina Pass,Philadelphia,Pennsylvania,19191,4/21/2018
325,325,9302 Oriole Plaza,647 Moulton Center,Roanoke,Virginia,24020,11/15/2017
326,326,2 Leroy Center,183 Melrose Court,Kalamazoo,Michigan,49048,3/16/2018
327,327,8168 Fallview Parkway,9 Bobwhite Street,Newark,Delaware,19714,11/21/2017
328,328,19489 Messerschmidt Way,088 Mosinee Parkway,Minneapolis,Minnesota,55448,2/9/2018
329,329,95 Division Drive,3 Emmet Alley,Nashville,Tennessee,37240,5/9/2018
330,330,749 Rowland Road,7517 Briar Crest Park,Paterson,New Jersey,07505,10/8/2017
331,331,257 Graceland Road,011 Warner Junction,Beaumont,Texas,77713,8/24/2017
332,332,70 West Place,28 Nancy Plaza,Chicago,Illinois,60641,5/15/2018
333,333,6 Lyons Court,2 Hermina Plaza,Sacramento,California,94297,6/6/2018
334,334,4053 Northland Place,273 Clyde Gallagher Crossing,San Francisco,California,94147,12/23/2017
335,335,743 Haas Circle,86394 2nd Trail,Albuquerque,New Mexico,87140,10/18/2017
336,336,75812 Debra Center,8 Kropf Trail,Daytona Beach,Florida,32128,10/15/2017
337,337,9752 Quincy Drive,5 Kennedy Hill,Beaumont,Texas,77705,3/31/2018
338,338,824 Linden Junction,104 Ohio Hill,Saint Louis,Missouri,63131,3/8/2018
339,339,97724 Huxley Park,160 Sherman Alley,Indianapolis,Indiana,46295,3/7/2018
340,340,90 Coolidge Center,02 Walton Alley,Hartford,Connecticut,06120,8/2/2017
341,341,550 Sutherland Court,14997 Monument Trail,Minneapolis,Minnesota,55412,11/16/2017
342,342,11 Nova Terrace,76915 Iowa Terrace,West Palm Beach,Florida,33421,11/26/2017
343,343,7447 Maywood Place,2481 Sommers Circle,Phoenix,Arizona,85015,7/25/2017
344,344,96175 Crowley Court,492 Pennsylvania Circle,Saint Louis,Missouri,63104,11/23/2017
345,345,54210 Chinook Road,2 Alpine Point,Carson City,Nevada,89714,10/9/2017
346,346,663 Monument Court,9 Mockingbird Road,San Jose,California,95160,4/2/2018
347,347,4 Mesta Center,5 Birchwood Hill,Silver Spring,Maryland,20910,8/5/2017
348,348,71 Hudson Avenue,246 Carpenter Terrace,Apache Junction,Arizona,85219,1/2/2018
349,349,417 Bluejay Circle,7627 Banding Junction,Marietta,Georgia,30061,3/26/2018
350,350,820 Marquette Place,6 Quincy Park,Houston,Texas,77212,12/30/2017
351,351,4258 Commercial Trail,46627 Dakota Center,Henderson,Nevada,89074,5/4/2018
352,352,555 Jay Trail,26 Briar Crest Hill,New York City,New York,10039,3/7/2018
353,353,8814 Bultman Avenue,807 Manufacturers Terrace,Las Vegas,Nevada,89178,7/1/2018
354,354,29 Ludington Road,40 Northview Place,Hartford,Connecticut,06145,6/10/2018
355,355,6 Armistice Drive,8 Messerschmidt Way,Punta Gorda,Florida,33982,8/5/2017
356,356,4657 Fordem Street,51 Morning Parkway,Berkeley,California,94712,10/1/2017
357,357,2047 Shopko Hill,8744 Declaration Alley,Lexington,Kentucky,40586,8/13/2017
358,358,43305 Eagan Junction,1 Upham Drive,Knoxville,Tennessee,37924,5/19/2018
359,359,82 Eagle Crest Point,3888 Dwight Trail,Charlotte,North Carolina,28299,9/27/2017
360,360,63702 Anzinger Center,3 Arapahoe Crossing,Orlando,Florida,32859,2/21/2018
361,361,7026 Vera Crossing,83012 Esch Point,Fort Wayne,Indiana,46852,1/7/2018
362,362,0 Forest Dale Park,41028 Tennyson Alley,High Point,North Carolina,27264,10/17/2017
363,363,3754 Park Meadow Street,706 Spaight Hill,Phoenix,Arizona,85030,2/2/2018
364,364,840 Sage Park,4570 Bowman Plaza,Tacoma,Washington,98405,9/12/2017
365,365,407 Johnson Hill,08 American Ash Road,Englewood,Colorado,80150,2/2/2018
366,366,8685 Mariners Cove Place,262 Schiller Hill,Provo,Utah,84605,8/6/2017
367,367,70 Carioca Crossing,51 Village Green Center,Cleveland,Ohio,44118,5/5/2018
368,368,63 Spenser Avenue,35 Rutledge Alley,Lincoln,Nebraska,68505,3/14/2018
369,369,41 West Parkway,75 Knutson Point,Salt Lake City,Utah,84152,11/12/2017
370,370,58 Derek Plaza,8988 Menomonie Circle,Bradenton,Florida,34282,6/6/2018
371,371,11 Mendota Plaza,76113 Hudson Street,Charlotte,North Carolina,28247,12/1/2017
372,372,81348 Manley Alley,967 Monterey Alley,Colorado Springs,Colorado,80930,10/21/2017
373,373,354 Thierer Way,6 Loomis Drive,Chicago,Illinois,60669,10/6/2017
374,374,060 Chive Trail,39 Bluejay Crossing,Anderson,South Carolina,29625,5/25/2018
375,375,7498 Arrowood Way,6891 Carioca Place,Columbia,South Carolina,29240,7/28/2017
376,376,297 Kinsman Hill,7963 Luster Point,Brooklyn,New York,11236,8/5/2017
377,377,65806 Dunning Circle,1647 Saint Paul Center,Corona,California,92883,11/28/2017
378,378,24345 Garrison Hill,3160 Sheridan Alley,Bakersfield,California,93386,5/9/2018
379,379,325 Ronald Regan Hill,1 Michigan Crossing,Honolulu,Hawaii,96810,7/3/2018
380,380,88772 Menomonie Alley,302 Eastwood Park,Buffalo,New York,14210,1/21/2018
381,381,04342 Morrow Terrace,2 Ruskin Circle,San Diego,California,92137,5/12/2018
382,382,8944 Vera Drive,369 Maryland Center,Fullerton,California,92640,7/17/2017
383,383,57 Mallard Drive,9730 Sommers Court,Lexington,Kentucky,40581,9/2/2017
384,384,1 Judy Circle,5385 Riverside Parkway,Lexington,Kentucky,40515,3/14/2018
385,385,59465 Graedel Street,42 Caliangt Park,Alexandria,Virginia,22333,11/22/2017
386,386,31922 Morningstar Alley,71 Morrow Pass,Washington,District of Columbia,20503,10/9/2017
387,387,5 Vernon Center,12980 Lindbergh Avenue,New York City,New York,10160,10/23/2017
388,388,2479 Chinook Park,60 Oneill Circle,Winston Salem,North Carolina,27105,6/5/2018
389,389,78 Glacier Hill Drive,31 Mandrake Place,Hialeah,Florida,33018,4/13/2018
390,390,39 Almo Trail,9 Fairfield Avenue,Van Nuys,California,91411,10/8/2017
391,391,794 Nelson Drive,3 Superior Way,Birmingham,Alabama,35263,10/13/2017
392,392,0881 Novick Plaza,2 Mccormick Pass,San Antonio,Texas,78240,10/2/2017
393,393,8 Bay Road,954 Ramsey Point,San Bernardino,California,92405,11/8/2017
394,394,40 Upham Pass,392 Londonderry Avenue,Harrisburg,Pennsylvania,17140,7/12/2017
395,395,7 Arizona Place,26 Butternut Street,Cincinnati,Ohio,45238,12/15/2017
396,396,0911 Steensland Terrace,1 Stuart Pass,Austin,Texas,78754,1/19/2018
397,397,941 Summer Ridge Pass,3 Merchant Place,Dallas,Texas,75323,7/31/2017
398,398,71 Dorton Point,8 Luster Point,Buffalo,New York,14276,12/27/2017
399,399,23220 Hallows Park,2 Goodland Avenue,Winston Salem,North Carolina,27110,12/24/2017
400,400,388 Grover Circle,8778 Vera Road,Boise,Idaho,83722,5/16/2018
401,401,6576 Hanson Avenue,585 Maple Trail,Oakland,California,94622,10/14/2017
402,402,18 Vidon Terrace,5 Hagan Plaza,Bakersfield,California,93386,10/7/2017
403,403,13979 Redwing Pass,2642 Loftsgordon Trail,Columbus,Mississippi,39705,3/19/2018
404,404,8 Banding Alley,797 Grayhawk Hill,Atlanta,Georgia,31196,2/22/2018
405,405,9 Fordem Point,58054 Hagan Lane,Phoenix,Arizona,85099,9/21/2017
406,406,6 Swallow Trail,54721 Oakridge Point,Portland,Oregon,97206,8/27/2017
407,407,1597 Golf Course Plaza,33253 Mallory Road,El Paso,Texas,79916,7/31/2017
408,408,110 Service Crossing,7400 Merchant Avenue,San Francisco,California,94177,7/12/2017
409,409,988 Blackbird Point,07184 Basil Crossing,Boca Raton,Florida,33487,10/11/2017
410,410,8 Toban Lane,37198 Westridge Center,Wilmington,North Carolina,28405,1/15/2018
411,411,31327 6th Junction,510 Donald Alley,New York City,New York,10275,5/21/2018
412,412,4 Ridgeway Drive,1 Esch Pass,Rockville,Maryland,20851,6/5/2018
413,413,7 Jenna Avenue,8190 Mccormick Trail,San Francisco,California,94142,9/26/2017
414,414,69 Badeau Place,711 Lien Center,Dallas,Texas,75260,12/30/2017
415,415,08 Maywood Trail,2328 Luster Park,San Diego,California,92121,4/4/2018
416,416,382 Schmedeman Court,4 Mayer Point,Tyler,Texas,75799,1/14/2018
417,417,780 Cordelia Road,643 Maple Wood Street,Minneapolis,Minnesota,55412,3/9/2018
418,418,32675 Buena Vista Lane,7495 Garrison Road,Washington,District of Columbia,20503,6/16/2018
419,419,69005 Lakeland Lane,24376 Fordem Junction,Kansas City,Missouri,64109,2/18/2018
420,420,8260 8th Plaza,1 Almo Center,Cleveland,Ohio,44177,4/13/2018
421,421,21860 Carpenter Street,858 Annamark Hill,New York City,New York,10184,3/9/2018
422,422,1 Arrowood Place,69 Roth Way,Alhambra,California,91841,10/14/2017
423,423,107 Hayes Drive,5754 Cherokee Crossing,Charlotte,North Carolina,28284,8/28/2017
424,424,43 Hermina Circle,9 Calypso Circle,Yonkers,New York,10705,8/25/2017
425,425,376 Monica Pass,48274 Sundown Street,Washington,District of Columbia,20220,7/15/2017
426,426,95423 Fuller Road,4 Springview Junction,Chicago,Illinois,60691,1/21/2018
427,427,8906 Mandrake Point,72 Wayridge Lane,Honolulu,Hawaii,96810,10/9/2017
428,428,65060 5th Alley,755 Mallory Avenue,Portsmouth,New Hampshire,00214,12/22/2017
429,429,994 Brentwood Alley,97128 Ilene Center,Great Neck,New York,11024,6/27/2018
430,430,229 Stoughton Drive,96429 Washington Trail,Greenville,South Carolina,29615,11/8/2017
431,431,83738 Hermina Terrace,4 Brickson Park Trail,Minneapolis,Minnesota,55407,1/8/2018
432,432,31023 Golf Course Crossing,0159 Vernon Circle,Seattle,Washington,98175,12/17/2017
433,433,0 Ludington Lane,5 Milwaukee Center,Yakima,Washington,98907,9/25/2017
434,434,300 Bobwhite Road,3061 Judy Point,Waco,Texas,76796,6/8/2018
435,435,8734 Starling Point,41117 Continental Drive,Atlanta,Georgia,30375,6/10/2018
436,436,968 Prairieview Lane,8336 Armistice Alley,Buffalo,New York,14263,2/12/2018
437,437,40 Troy Street,7 New Castle Street,Racine,Wisconsin,53405,12/21/2017
438,438,81 Saint Paul Street,25 Straubel Pass,Lancaster,Pennsylvania,17605,6/11/2018
439,439,5099 Brown Parkway,6 Randy Parkway,Jacksonville,Florida,32277,1/19/2018
440,440,1599 Rutledge Point,0 Duke Point,Carson City,Nevada,89714,9/23/2017
441,441,275 Melrose Street,22680 Transport Drive,Lincoln,Nebraska,68583,9/17/2017
442,442,88 Armistice Place,1216 Everett Alley,Sacramento,California,95813,2/18/2018
443,443,2014 New Castle Trail,7787 Northport Court,Washington,District of Columbia,20508,6/23/2018
444,444,933 Sutherland Street,004 South Road,Richmond,Virginia,23213,3/28/2018
445,445,4748 Sachtjen Park,1 Nova Avenue,Sacramento,California,94263,7/4/2018
446,446,723 Wayridge Drive,127 Stone Corner Place,Colorado Springs,Colorado,80995,10/26/2017
447,447,19208 Lukken Hill,431 Longview Court,Greenville,South Carolina,29610,1/23/2018
448,448,1 Pennsylvania Terrace,15118 Autumn Leaf Center,Santa Barbara,California,93106,9/12/2017
449,449,19 American Ash Junction,670 Dwight Junction,Louisville,Kentucky,40225,12/17/2017
450,450,7160 Fisk Court,3918 Grasskamp Road,Berkeley,California,94712,3/17/2018
451,451,50146 Michigan Avenue,28 Donald Avenue,Decatur,Georgia,30033,12/25/2017
452,452,3086 Loftsgordon Place,20817 Northland Circle,Santa Ana,California,92705,9/2/2017
453,453,257 Upham Circle,0537 Warbler Junction,Knoxville,Tennessee,37931,9/10/2017
454,454,1803 Arkansas Parkway,4 Blaine Hill,Amarillo,Texas,79116,10/2/2017
455,455,530 Johnson Crossing,6476 Independence Park,Tulsa,Oklahoma,74184,10/3/2017
456,456,27394 Grasskamp Parkway,9310 Fieldstone Plaza,Washington,District of Columbia,20442,6/5/2018
457,457,5 Arizona Point,7050 Moland Terrace,Great Neck,New York,11024,8/29/2017
458,458,90 Tennessee Lane,772 Evergreen Plaza,Des Moines,Iowa,50330,2/21/2018
459,459,2797 Anzinger Drive,6673 Anzinger Court,Denver,Colorado,80243,3/29/2018
460,460,3711 Twin Pines Park,010 3rd Point,Las Vegas,Nevada,89140,1/22/2018
461,461,6385 Toban Court,71 Spohn Plaza,Honolulu,Hawaii,96840,7/23/2017
462,462,5953 6th Terrace,65591 Warner Trail,Pittsburgh,Pennsylvania,15274,5/29/2018
463,463,22 Rusk Circle,3 Village Parkway,Cleveland,Ohio,44177,7/19/2017
464,464,05263 Columbus Alley,85025 Truax Junction,San Jose,California,95150,3/7/2018
465,465,03157 Quincy Pass,0 American Ash Drive,Aurora,Colorado,80044,8/12/2017
466,466,80 Bluejay Crossing,06 Truax Place,Charlotte,North Carolina,28215,8/16/2017
467,467,517 Waywood Crossing,5824 Butterfield Terrace,Greenville,South Carolina,29605,8/21/2017
468,468,4 Havey Road,12 Dawn Trail,Port Washington,New York,11054,7/1/2018
469,469,036 Lakewood Gardens Plaza,41 Thompson Hill,Oklahoma City,Oklahoma,73129,6/30/2018
470,470,5 Main Road,89581 Arrowood Plaza,New York City,New York,10079,4/12/2018
471,471,886 Pennsylvania Point,81 Trailsway Center,Atlanta,Georgia,31190,7/8/2017
472,472,4126 Granby Trail,72 Fieldstone Terrace,Boston,Massachusetts,02163,12/23/2017
473,473,37830 Blackbird Crossing,80154 Crownhardt Road,Richmond,Virginia,23237,2/22/2018
474,474,64128 Anzinger Junction,3 Elgar Street,Charleston,South Carolina,29424,4/23/2018
475,475,53 Park Meadow Crossing,4 Katie Crossing,Lexington,Kentucky,40505,1/16/2018
476,476,287 Orin Hill,5 Weeping Birch Crossing,Erie,Pennsylvania,16510,3/5/2018
477,477,7 Pankratz Trail,805 Moland Alley,Jeffersonville,Indiana,47134,4/6/2018
478,478,9 Canary Crossing,95216 Buell Crossing,Pasadena,California,91117,8/1/2017
479,479,6538 Namekagon Drive,1 Butternut Parkway,New Brunswick,New Jersey,08922,5/31/2018
480,480,249 Holy Cross Alley,77 Mitchell Pass,Des Moines,Iowa,50369,4/13/2018
481,481,323 Hauk Trail,646 South Place,Tallahassee,Florida,32304,10/25/2017
482,482,59 Birchwood Place,047 Grasskamp Center,Lexington,Kentucky,40515,6/5/2018
483,483,3 Algoma Crossing,1 Sycamore Terrace,Houston,Texas,77060,2/13/2018
484,484,14997 Novick Point,079 Old Shore Trail,New York City,New York,10165,10/7/2017
485,485,753 Anhalt Drive,5953 Arizona Hill,Toledo,Ohio,43610,10/13/2017
486,486,74 Sachtjen Avenue,70217 Northland Parkway,Tucson,Arizona,85725,9/15/2017
487,487,16991 Moulton Avenue,265 Schmedeman Center,Canton,Ohio,44705,5/26/2018
488,488,2 Morningstar Plaza,440 Old Shore Center,Gadsden,Alabama,35905,6/17/2018
489,489,3690 Fremont Junction,79115 Warrior Point,San Angelo,Texas,76905,10/3/2017
490,490,635 Farragut Circle,87522 Brickson Park Terrace,Torrance,California,90505,11/28/2017
491,491,73 Sutteridge Plaza,40330 Dunning Circle,Waterbury,Connecticut,06721,8/24/2017
492,492,703 Warbler Circle,6 Ilene Terrace,New York City,New York,10079,4/24/2018
493,493,616 Veith Junction,312 Corry Drive,Philadelphia,Pennsylvania,19151,10/9/2017
494,494,035 Eagle Crest Crossing,902 Prairie Rose Place,Seattle,Washington,98121,1/17/2018
495,495,10 Oakridge Drive,725 Birchwood Point,Colorado Springs,Colorado,80915,11/7/2017
496,496,9563 Graedel Terrace,32628 Farmco Hill,Omaha,Nebraska,68164,9/12/2017
497,497,8842 Holmberg Circle,2 Waxwing Drive,Sioux Falls,South Dakota,57188,11/29/2017
498,498,1159 Melody Plaza,45510 Shelley Center,Midland,Texas,79705,10/12/2017
499,499,8 Muir Court,337 American Ash Park,Washington,District of Columbia,20397,11/23/2017
500,500,81962 Clemons Circle,28767 Farragut Court,Akron,Ohio,44315,6/9/2018
501,501,4551 Heffernan Junction,8 Melby Point,Columbus,Ohio,43231,12/26/2017
502,502,41151 Cascade Junction,9 Logan Terrace,Anchorage,Alaska,99507,8/9/2017
503,503,45 Eagan Terrace,355 Killdeer Center,Roanoke,Virginia,24020,10/21/2017
504,504,1 Atwood Junction,37992 Clemons Pass,Baltimore,Maryland,21203,2/6/2018
505,505,6 Utah Lane,59984 Manitowish Avenue,Houston,Texas,77271,12/9/2017
506,506,4 Hagan Park,2 Moland Street,Fort Lauderdale,Florida,33355,1/22/2018
507,507,1 Grim Terrace,6 Packers Center,Minneapolis,Minnesota,55480,8/27/2017
508,508,0 Clarendon Center,1 Manitowish Alley,San Bernardino,California,92424,11/10/2017
509,509,2 Forest Alley,21688 6th Park,Davenport,Iowa,52809,3/31/2018
510,510,17504 Becker Center,8 Dapin Plaza,Amarillo,Texas,79182,4/17/2018
511,511,3391 Golf Course Pass,210 Meadow Vale Place,Louisville,Kentucky,40293,4/9/2018
512,512,47065 Briar Crest Alley,39 Hoard Alley,Lexington,Kentucky,40581,9/8/2017
513,513,1719 Sunfield Point,762 Meadow Vale Parkway,Jamaica,New York,11447,9/1/2017
514,514,5832 Gerald Center,408 Clove Junction,Las Vegas,Nevada,89110,10/28/2017
515,515,49303 Del Sol Hill,65504 Del Mar Place,Raleigh,North Carolina,27610,12/4/2017
516,516,0 Meadow Valley Plaza,4403 Bashford Pass,Washington,District of Columbia,20220,9/17/2017
517,517,51 Sachtjen Court,9007 Loftsgordon Park,Norfolk,Virginia,23520,4/5/2018
518,518,360 Fairfield Point,3 Cody Way,Topeka,Kansas,66629,6/6/2018
519,519,66772 Reinke Way,03434 Karstens Junction,Miami,Florida,33153,8/18/2017
520,520,76 Stephen Point,75 Emmet Pass,Modesto,California,95397,10/24/2017
521,521,94215 Darwin Pass,37698 Shelley Point,Hollywood,Florida,33028,3/30/2018
522,522,736 Marquette Plaza,56 Warbler Place,Miami,Florida,33196,6/16/2018
523,523,9537 Vidon Parkway,2744 Springview Way,Long Beach,California,90810,4/3/2018
524,524,59 Shasta Terrace,769 Cody Park,Decatur,Illinois,62525,7/10/2017
525,525,1 Butterfield Parkway,5771 Macpherson Place,Huntington,West Virginia,25711,6/23/2018
526,526,2 Granby Pass,2 Harbort Hill,Stockton,California,95219,12/8/2017
527,527,674 Sachtjen Road,052 Crowley Trail,Houston,Texas,77035,12/13/2017
528,528,4 Dryden Lane,37 Cottonwood Junction,Jacksonville,Florida,32225,12/19/2017
529,529,7 Waubesa Lane,95 Erie Alley,Raleigh,North Carolina,27690,11/12/2017
530,530,54 Pearson Crossing,6 3rd Circle,Salt Lake City,Utah,84110,6/24/2018
531,531,0 Fordem Crossing,402 Burrows Pass,Salt Lake City,Utah,84120,7/28/2017
532,532,8424 Sullivan Lane,09576 Village Alley,Atlanta,Georgia,30392,4/23/2018
533,533,643 Lawn Place,56 Redwing Lane,Austin,Texas,78744,2/4/2018
534,534,837 Bay Center,1904 Myrtle Pass,Arlington,Virginia,22244,2/7/2018
535,535,3523 Tomscot Street,70369 Springs Road,Fort Wayne,Indiana,46852,1/19/2018
536,536,8437 2nd Trail,76 Clyde Gallagher Circle,Akron,Ohio,44393,12/21/2017
537,537,86 Vermont Circle,548 Bartillon Point,Arlington,Texas,76011,6/18/2018
538,538,8 Lillian Hill,2 Dwight Crossing,Kalamazoo,Michigan,49006,10/9/2017
539,539,20 Loftsgordon Center,29521 Coolidge Court,Shreveport,Louisiana,71130,8/21/2017
540,540,58 Superior Parkway,43 Bayside Parkway,Savannah,Georgia,31422,9/4/2017
541,541,841 Arkansas Terrace,66427 Morningstar Junction,Richmond,Virginia,23213,2/1/2018
542,542,67918 Memorial Alley,9237 Hintze Park,Prescott,Arizona,86305,4/28/2018
543,543,606 Goodland Pass,510 Anderson Road,Washington,District of Columbia,20409,3/22/2018
544,544,75077 Acker Crossing,4517 Glendale Junction,Macon,Georgia,31210,5/22/2018
545,545,3047 Monterey Point,8 Lotheville Parkway,Saint Joseph,Missouri,64504,7/7/2018
546,546,55 Transport Center,409 Corben Circle,Norwalk,Connecticut,06854,4/18/2018
547,547,6 Declaration Trail,58 Longview Drive,Hampton,Virginia,23668,9/17/2017
548,548,99 Charing Cross Junction,5 Jenifer Point,Staten Island,New York,10310,4/4/2018
549,549,4736 Pearson Avenue,92578 Goodland Plaza,Charleston,West Virginia,25356,3/28/2018
550,550,847 Bayside Crossing,345 Steensland Avenue,Saint Louis,Missouri,63196,9/4/2017
551,551,513 Dexter Alley,568 Sunfield Terrace,Hartford,Connecticut,06145,11/28/2017
552,552,2 Melody Street,85832 Scofield Street,Grand Junction,Colorado,81505,10/12/2017
553,553,2545 Merrick Point,9 Fulton Place,Fort Smith,Arkansas,72916,12/7/2017
554,554,39855 Kedzie Lane,9982 Fordem Trail,Wichita,Kansas,67205,9/3/2017
555,555,87 Portage Parkway,827 Sullivan Crossing,Baltimore,Maryland,21229,8/9/2017
556,556,568 Nevada Terrace,683 Corben Park,Dallas,Texas,75387,4/30/2018
557,557,5942 Eagan Trail,8897 Waubesa Road,Denver,Colorado,80249,11/27/2017
558,558,44 Lake View Place,52 Walton Lane,Lubbock,Texas,79405,10/27/2017
559,559,523 Parkside Drive,90 Hanson Court,San Bernardino,California,92415,7/14/2017
560,560,6532 Gerald Circle,1 Washington Hill,Roanoke,Virginia,24020,12/5/2017
561,561,5471 Larry Lane,5 Southridge Alley,Philadelphia,Pennsylvania,19141,7/29/2017
562,562,5899 Hovde Lane,33 Gateway Circle,Harrisburg,Pennsylvania,17105,9/24/2017
563,563,73 Browning Way,6 Helena Terrace,Arvada,Colorado,80005,4/8/2018
564,564,29 Manley Street,99 Kinsman Road,Saint Joseph,Missouri,64504,7/28/2017
565,565,48 Mosinee Street,38 Thompson Trail,Raleigh,North Carolina,27610,6/21/2018
566,566,06085 Sherman Drive,0620 Sycamore Pass,El Paso,Texas,88563,7/7/2018
567,567,02194 Melvin Way,65121 Lyons Pass,Tampa,Florida,33633,6/13/2018
568,568,6 Village Trail,28 Almo Hill,Phoenix,Arizona,85020,10/29/2017
569,569,774 Bunker Hill Parkway,4 Dexter Alley,Savannah,Georgia,31416,2/9/2018
570,570,97 Shasta Alley,6 Almo Avenue,Orlando,Florida,32891,8/2/2017
571,571,8 Ridgeway Plaza,445 Trailsway Center,Norfolk,Virginia,23509,9/18/2017
572,572,7 Ridge Oak Center,08048 Cherokee Point,Tacoma,Washington,98481,4/5/2018
573,573,9 Roxbury Hill,400 Arkansas Crossing,Vancouver,Washington,98664,8/24/2017
574,574,5188 Chinook Way,7491 Delaware Street,Los Angeles,California,90020,10/19/2017
575,575,7 Jay Crossing,82989 Fremont Court,Chandler,Arizona,85246,1/24/2018
576,576,234 Walton Court,27916 Lerdahl Crossing,Charlotte,North Carolina,28205,6/19/2018
577,577,49 Killdeer Alley,22865 Reinke Point,Bonita Springs,Florida,34135,9/27/2017
578,578,3 Pawling Trail,42288 Everett Junction,Boston,Massachusetts,02203,10/11/2017
579,579,81 Dakota Way,3159 Hagan Street,Lees Summit,Missouri,64082,4/2/2018
580,580,2 Scofield Hill,98050 Grim Avenue,Columbia,South Carolina,29215,10/17/2017
581,581,5 Independence Parkway,2 Mesta Drive,Prescott,Arizona,86305,8/31/2017
582,582,02841 Moland Alley,20 Waywood Junction,Bronx,New York,10474,7/19/2017
583,583,42 Esch Point,16 Westport Terrace,Des Moines,Iowa,50936,2/13/2018
584,584,49155 Buell Pass,52852 Monterey Hill,Anaheim,California,92812,5/9/2018
585,585,84765 Stone Corner Crossing,06 Superior Center,Des Moines,Iowa,50362,1/21/2018
586,586,58584 Jenna Way,03 Parkside Trail,Fort Wayne,Indiana,46814,7/14/2017
587,587,407 Burrows Pass,5682 Caliangt Parkway,Detroit,Michigan,48211,7/6/2018
588,588,9 Old Gate Way,1 Mariners Cove Hill,Oceanside,California,92056,2/15/2018
589,589,35 Meadow Valley Crossing,21818 Maple Trail,Chicago,Illinois,60669,1/4/2018
590,590,7874 Park Meadow Hill,56 Artisan Place,Dallas,Texas,75210,3/12/2018
591,591,73092 Westridge Park,43 Raven Park,Philadelphia,Pennsylvania,19196,2/25/2018
592,592,28079 Oak Valley Lane,317 Summerview Hill,New Orleans,Louisiana,70154,2/6/2018
593,593,339 Arapahoe Junction,6 Northfield Point,Raleigh,North Carolina,27615,5/9/2018
594,594,99707 Dottie Parkway,4 Clemons Court,Orlando,Florida,32803,6/22/2018
595,595,70 Spohn Pass,124 Hanover Crossing,Saint Paul,Minnesota,55166,9/28/2017
596,596,684 Sunbrook Lane,85273 Bellgrove Lane,Kansas City,Kansas,66112,8/10/2017
597,597,84 Waxwing Drive,528 Loftsgordon Lane,Pittsburgh,Pennsylvania,15210,7/1/2018
598,598,22 Bayside Parkway,83 Golf Course Point,Virginia Beach,Virginia,23471,5/27/2018
599,599,133 Longview Junction,7993 Monument Crossing,El Paso,Texas,79950,6/16/2018
600,600,8 David Avenue,4 Westridge Hill,Amarillo,Texas,79159,2/15/2018
601,601,2333 Westend Alley,870 International Terrace,Davenport,Iowa,52804,3/24/2018
602,602,015 Mcbride Place,3928 Talmadge Road,Colorado Springs,Colorado,80925,10/10/2017
603,603,73 Riverside Plaza,054 Goodland Circle,Louisville,Kentucky,40266,7/19/2017
604,604,24 Chive Junction,45882 Dayton Place,Houston,Texas,77288,4/9/2018
605,605,3 Lawn Road,6 American Lane,Las Vegas,Nevada,89120,4/3/2018
606,606,2210 Melody Park,091 Fair Oaks Point,Houston,Texas,77218,12/14/2017
607,607,04225 Fairfield Alley,6177 Dawn Parkway,Albany,New York,12227,3/3/2018
608,608,685 Randy Hill,47973 Clemons Trail,Kansas City,Missouri,64190,8/2/2017
609,609,2364 Fallview Way,9 Comanche Parkway,Grand Rapids,Michigan,49518,5/22/2018
610,610,56176 Crownhardt Terrace,3 Buena Vista Plaza,Houston,Texas,77055,6/8/2018
611,611,8 Grover Point,91952 Morrow Parkway,Charleston,West Virginia,25313,6/4/2018
612,612,53 Cordelia Avenue,6274 Springs Park,Houston,Texas,77266,9/24/2017
613,613,9 Sugar Place,47861 Veith Hill,New York City,New York,10165,4/4/2018
614,614,92 Northport Point,69574 Fair Oaks Place,Pensacola,Florida,32511,1/29/2018
615,615,3905 Fair Oaks Junction,350 Florence Lane,New York City,New York,10249,6/28/2018
616,616,17 Monterey Crossing,75670 Arapahoe Center,Birmingham,Alabama,35210,1/6/2018
617,617,76 Jenna Parkway,49 Vera Road,Albany,New York,12237,12/5/2017
618,618,06767 Dunning Plaza,7 Milwaukee Trail,Dallas,Texas,75216,8/10/2017
619,619,1125 3rd Terrace,7 Mallory Avenue,Atlanta,Georgia,30336,7/31/2017
620,620,031 Katie Street,2680 Maple Wood Crossing,Brooklyn,New York,11254,7/31/2017
621,621,53032 4th Hill,21 Cody Circle,Mobile,Alabama,36628,11/3/2017
622,622,705 Canary Lane,9 Dayton Circle,Kingsport,Tennessee,37665,2/18/2018
623,623,513 Sage Road,45 Thompson Lane,Fredericksburg,Virginia,22405,6/9/2018
624,624,44 Carpenter Court,40585 Russell Circle,Houston,Texas,77070,6/19/2018
625,625,9424 Porter Pass,8 Northview Pass,Fort Lauderdale,Florida,33315,2/1/2018
626,626,17 Hagan Junction,5 East Circle,Dallas,Texas,75387,3/17/2018
627,627,5359 Oxford Circle,6 Pepper Wood Point,El Paso,Texas,79911,6/3/2018
628,628,969 Stone Corner Junction,72318 Utah Hill,Paterson,New Jersey,07544,12/9/2017
629,629,45 Kensington Junction,38 Pleasure Circle,Miami,Florida,33175,8/27/2017
630,630,2483 Jana Pass,3590 Lotheville Road,Richmond,Virginia,23220,2/18/2018
631,631,7379 Pond Parkway,44823 Delladonna Parkway,Cleveland,Ohio,44130,4/5/2018
632,632,4 Rockefeller Pass,12 Northland Point,Reading,Pennsylvania,19610,6/5/2018
633,633,1090 Lighthouse Bay Alley,5 Meadow Vale Drive,Jamaica,New York,11447,9/10/2017
634,634,38 Oak Valley Junction,31169 Anniversary Crossing,Scranton,Pennsylvania,18514,7/1/2018
635,635,258 Mifflin Park,31121 Manitowish Point,Zephyrhills,Florida,33543,12/7/2017
636,636,0 Jenna Street,41165 Knutson Place,Sioux Falls,South Dakota,57110,11/22/2017
637,637,332 Meadow Vale Center,3 Karstens Trail,Washington,District of Columbia,20591,6/11/2018
638,638,3 Southridge Point,0 Luster Center,New Bedford,Massachusetts,02745,7/21/2017
639,639,28 Sunbrook Circle,91509 Mcguire Terrace,Torrance,California,90510,12/9/2017
640,640,25 Drewry Terrace,23 Merrick Trail,Peoria,Illinois,61640,4/23/2018
641,641,18290 Bunker Hill Street,1317 Weeping Birch Way,Santa Monica,California,90405,4/12/2018
642,642,64360 Cascade Parkway,56 Bluestem Hill,Lake Worth,Florida,33467,1/26/2018
643,643,84246 New Castle Trail,89870 Stoughton Park,Lexington,Kentucky,40596,1/25/2018
644,644,98 Red Cloud Parkway,3555 American Junction,Shreveport,Louisiana,71115,11/2/2017
645,645,3 Mcguire Parkway,8300 Sommers Point,Jacksonville,Florida,32244,4/16/2018
646,646,295 Stephen Place,7 Rutledge Court,Billings,Montana,59112,5/29/2018
647,647,49 Utah Alley,24 Armistice Road,Boise,Idaho,83705,7/5/2018
648,648,6560 Dawn Park,786 Lyons Plaza,Columbia,South Carolina,29203,8/21/2017
649,649,407 Mifflin Terrace,4 Carpenter Crossing,New Orleans,Louisiana,70154,11/1/2017
650,650,8 Scott Hill,2722 Springs Crossing,Columbus,Ohio,43240,5/6/2018
651,651,09 Myrtle Court,683 Village Pass,Seminole,Florida,34642,9/19/2017
652,652,67761 Charing Cross Court,7 Bashford Center,Baltimore,Maryland,21239,8/19/2017
653,653,52339 Meadow Ridge Parkway,75 Nancy Way,Virginia Beach,Virginia,23454,3/25/2018
654,654,4647 Dwight Alley,04672 Elmside Terrace,Temple,Texas,76505,1/4/2018
655,655,2859 Annamark Lane,94 Rusk Road,Pittsburgh,Pennsylvania,15250,10/16/2017
656,656,057 Ridge Oak Junction,37 Hovde Hill,San Antonio,Texas,78255,10/25/2017
657,657,06 Sheridan Drive,1 Weeping Birch Way,Dallas,Texas,75277,10/27/2017
658,658,25 Birchwood Drive,960 Shelley Hill,Hartford,Connecticut,06120,3/31/2018
659,659,2568 Dorton Place,067 Tony Drive,San Francisco,California,94116,3/23/2018
660,660,80189 Hollow Ridge Road,3359 West Drive,Marietta,Georgia,30061,11/22/2017
661,661,78 Hudson Point,20 Artisan Court,Boulder,Colorado,80328,5/7/2018
662,662,3 Kipling Park,381 Derek Terrace,Phoenix,Arizona,85045,9/18/2017
663,663,8273 Esker Circle,54008 Pond Pass,Sacramento,California,94297,9/28/2017
664,664,5719 Burrows Terrace,4455 Tennyson Drive,Camden,New Jersey,08104,5/13/2018
665,665,683 Hoffman Park,3 Magdeline Street,Dayton,Ohio,45470,1/13/2018
666,666,77 Carey Terrace,4 Larry Point,Richmond,Virginia,23289,12/29/2017
667,667,1267 Oak Trail,87 Montana Circle,Boise,Idaho,83732,9/29/2017
668,668,45 Calypso Pass,1 Delladonna Street,San Antonio,Texas,78210,6/27/2018
669,669,201 Ramsey Point,73 Sunnyside Road,South Bend,Indiana,46634,6/1/2018
670,670,2 Bonner Crossing,9846 Gerald Park,Staten Island,New York,10305,5/21/2018
671,671,04342 Katie Hill,7819 Scott Parkway,New Orleans,Louisiana,70116,6/12/2018
672,672,2 Badeau Terrace,9 Sheridan Street,Flint,Michigan,48555,12/29/2017
673,673,3 Fairview Hill,515 Northridge Parkway,Sacramento,California,95833,9/1/2017
674,674,7239 Acker Center,90379 Rockefeller Trail,Washington,District of Columbia,20051,3/17/2018
675,675,99990 Mariners Cove Parkway,193 Johnson Drive,Lansing,Michigan,48930,12/7/2017
676,676,73262 Monument Road,242 Crowley Road,Spring,Texas,77388,12/3/2017
677,677,21 Buhler Alley,0661 Melody Place,Albany,Georgia,31704,7/10/2017
678,678,62640 Clove Parkway,463 Jenna Avenue,Fairfield,Connecticut,06825,5/9/2018
679,679,75332 Duke Junction,59102 Everett Trail,Cincinnati,Ohio,45208,7/15/2017
680,680,69386 Crowley Point,87 Prentice Alley,Jacksonville,Florida,32244,11/22/2017
681,681,42736 Bashford Hill,8700 Beilfuss Junction,Harrisburg,Pennsylvania,17105,11/15/2017
682,682,78632 Bunting Court,23753 Northwestern Plaza,Minneapolis,Minnesota,55487,9/29/2017
683,683,9 Kipling Drive,900 Valley Edge Road,Indianapolis,Indiana,46231,8/29/2017
684,684,4679 Amoth Crossing,1310 Forest Dale Pass,Fort Collins,Colorado,80525,8/12/2017
685,685,2519 Express Road,143 Bayside Way,Birmingham,Alabama,35295,10/20/2017
686,686,997 Eggendart Lane,0 Upham Way,Beaumont,Texas,77713,3/6/2018
687,687,07 Towne Plaza,4602 Larry Road,Memphis,Tennessee,38114,3/9/2018
688,688,2679 Oneill Drive,700 Tennessee Street,Lexington,Kentucky,40591,8/6/2017
689,689,99947 Canary Avenue,1786 Nancy Plaza,Houston,Texas,77025,12/21/2017
690,690,1 Hoepker Terrace,2 Upham Junction,Silver Spring,Maryland,20904,2/12/2018
691,691,1 Dayton Place,93798 Monterey Lane,Orange,California,92862,5/22/2018
692,692,3055 Cherokee Lane,294 Arrowood Road,Santa Clara,California,95054,3/19/2018
693,693,145 Texas Way,84116 Holy Cross Street,Lake Worth,Florida,33467,9/11/2017
694,694,4530 Doe Crossing Drive,2 Del Sol Court,Chattanooga,Tennessee,37405,12/16/2017
695,695,89 Schiller Court,364 Bluestem Parkway,Pasadena,California,91199,2/25/2018
696,696,7 Vernon Parkway,82 Fieldstone Junction,Dallas,Texas,75392,5/27/2018
697,697,09 Orin Terrace,7775 Judy Hill,Washington,District of Columbia,20456,6/25/2018
698,698,9994 Golden Leaf Alley,15098 Westport Crossing,Birmingham,Alabama,35263,4/3/2018
699,699,88418 Morning Plaza,59 Old Gate Crossing,Sparks,Nevada,89436,1/12/2018
700,700,0827 Monterey Pass,731 Namekagon Trail,Phoenix,Arizona,85005,12/7/2017
701,701,5 Nobel Parkway,94 Donald Place,Manassas,Virginia,22111,11/12/2017
702,702,4 Grayhawk Street,2 Bunker Hill Park,Asheville,North Carolina,28815,4/14/2018
703,703,6 Green Ridge Plaza,61595 Colorado Drive,Portland,Oregon,97211,5/20/2018
704,704,7 Fallview Street,1 Vidon Trail,Tacoma,Washington,98411,1/8/2018
705,705,7 7th Pass,1 Iowa Court,Melbourne,Florida,32919,8/5/2017
706,706,77139 Vermont Park,3915 Kropf Hill,Fullerton,California,92835,2/22/2018
707,707,2 Vera Crossing,722 Westport Park,Tulsa,Oklahoma,74156,12/19/2017
708,708,804 Bultman Court,56 Crest Line Trail,Metairie,Louisiana,70033,3/22/2018
709,709,16332 Debra Park,74716 Dixon Terrace,Knoxville,Tennessee,37931,1/28/2018
710,710,3 Sheridan Road,9 Birchwood Center,Memphis,Tennessee,38168,11/28/2017
711,711,1 Continental Parkway,385 Kennedy Drive,Lynchburg,Virginia,24503,4/3/2018
712,712,1630 Ramsey Hill,65 Bowman Avenue,Shreveport,Louisiana,71137,5/26/2018
713,713,0537 Delaware Drive,44 Bluejay Way,Oklahoma City,Oklahoma,73119,8/8/2017
714,714,45818 Schurz Pass,976 Bowman Point,Chicago,Illinois,60691,12/11/2017
715,715,4927 Old Shore Center,3675 Drewry Drive,Garden Grove,California,92645,11/23/2017
716,716,87 Sullivan Hill,93 Blue Bill Park Plaza,Saint Petersburg,Florida,33737,9/20/2017
717,717,75 Kropf Pass,3844 Manufacturers Plaza,Migrate,Kentucky,41905,5/2/2018
718,718,76 Reinke Center,9667 Holmberg Lane,Boise,Idaho,83722,10/29/2017
719,719,7396 Sheridan Lane,005 Sunnyside Trail,Houston,Texas,77035,1/14/2018
720,720,5 Dawn Circle,6 Erie Center,Erie,Pennsylvania,16522,6/16/2018
721,721,700 Elmside Parkway,95 Roth Court,Corpus Christi,Texas,78475,11/13/2017
722,722,34448 Muir Center,62703 Troy Place,El Paso,Texas,88525,6/22/2018
723,723,6029 3rd Point,6098 Gina Way,Long Beach,California,90810,9/18/2017
724,724,801 Hovde Junction,598 Hovde Court,Paterson,New Jersey,07522,10/19/2017
725,725,9359 Emmet Park,40 Manufacturers Street,New Haven,Connecticut,06533,5/29/2018
726,726,762 Ridgeview Avenue,0608 Buell Trail,Hartford,Connecticut,06145,11/23/2017
727,727,8 Paget Terrace,7206 Nova Plaza,Orange,California,92668,6/4/2018
728,728,19 Stuart Circle,3918 Walton Court,Boise,Idaho,83711,3/20/2018
729,729,40475 Center Avenue,22028 Carberry Alley,Saint Louis,Missouri,63150,3/14/2018
730,730,7196 Columbus Center,89 Lerdahl Hill,San Antonio,Texas,78260,1/9/2018
731,731,3336 Commercial Crossing,1041 Westridge Park,Tallahassee,Florida,32314,11/19/2017
732,732,5 Warner Lane,05 Ridgeway Terrace,Greenville,South Carolina,29615,2/12/2018
733,733,39475 Sachtjen Center,193 Nelson Avenue,Washington,District of Columbia,20010,10/4/2017
734,734,3 Anzinger Center,765 Fulton Court,Detroit,Michigan,48242,11/6/2017
735,735,0172 Debs Avenue,923 Mayer Lane,San Francisco,California,94147,6/4/2018
736,736,6 2nd Place,4709 Nobel Junction,Spokane,Washington,99220,10/1/2017
737,737,6737 Karstens Parkway,3772 Anthes Plaza,New Bedford,Massachusetts,02745,11/6/2017
738,738,1783 Sunbrook Center,8046 Daystar Hill,Omaha,Nebraska,68179,11/6/2017
739,739,6 Stoughton Avenue,38245 Manley Park,Montgomery,Alabama,36114,9/3/2017
740,740,5 Swallow Hill,9648 Manufacturers Avenue,Raleigh,North Carolina,27615,3/19/2018
741,741,308 American Park,2736 Duke Junction,Boston,Massachusetts,02114,1/31/2018
742,742,8 Roth Parkway,79 West Pass,Springfield,Massachusetts,01114,4/23/2018
743,743,07272 Sunbrook Junction,7 Montana Road,Charlotte,North Carolina,28256,4/15/2018
744,744,1289 Milwaukee Plaza,46434 Twin Pines Road,Longview,Texas,75605,11/17/2017
745,745,9 Bobwhite Lane,69 Bowman Parkway,Las Vegas,Nevada,89140,12/24/2017
746,746,721 Lakeland Plaza,8 Buell Lane,North Las Vegas,Nevada,89087,12/10/2017
747,747,80257 Wayridge Drive,82 Elmside Terrace,Charlotte,North Carolina,28263,11/22/2017
748,748,20 Center Crossing,32 Surrey Center,Washington,District of Columbia,20520,2/25/2018
749,749,8 Schurz Hill,650 Harper Hill,Philadelphia,Pennsylvania,19191,12/8/2017
750,750,0952 Jenifer Crossing,1564 Delladonna Trail,Kansas City,Kansas,66160,2/22/2018
751,751,323 Becker Center,3269 Graedel Lane,Detroit,Michigan,48224,4/14/2018
752,752,5283 Oakridge Hill,927 Maryland Plaza,San Diego,California,92132,2/21/2018
753,753,1992 Esch Crossing,552 Sutteridge Court,Duluth,Minnesota,55805,6/13/2018
754,754,2 Raven Pass,17 Summer Ridge Terrace,Reno,Nevada,89510,4/5/2018
755,755,63408 Grim Point,9693 Westridge Drive,Marietta,Georgia,30061,3/25/2018
756,756,560 South Circle,7259 Merchant Point,San Francisco,California,94154,10/29/2017
757,757,2 Cardinal Parkway,248 Everett Pass,Salt Lake City,Utah,84152,10/17/2017
758,758,9 Kropf Point,16 Menomonie Circle,Wichita Falls,Texas,76310,6/3/2018
759,759,4 Corry Parkway,7060 Novick Avenue,Worcester,Massachusetts,01605,1/26/2018
760,760,7571 Chinook Crossing,9156 7th Crossing,Atlanta,Georgia,31136,7/23/2017
761,761,4 Eggendart Pass,9 Waxwing Pass,Honolulu,Hawaii,96840,4/26/2018
762,762,9242 Helena Plaza,33 Buena Vista Point,Sacramento,California,94263,8/22/2017
763,763,972 Redwing Place,555 Harper Park,Atlanta,Georgia,30316,2/20/2018
764,764,44 Forster Junction,368 Riverside Street,Oklahoma City,Oklahoma,73104,9/1/2017
765,765,6087 Boyd Point,31668 Meadow Vale Trail,Pompano Beach,Florida,33075,12/6/2017
766,766,449 Mesta Center,0105 Dorton Road,Washington,District of Columbia,20268,12/27/2017
767,767,7 Novick Way,006 Kings Center,Glendale,California,91205,12/30/2017
768,768,36 Weeping Birch Junction,6 Rieder Place,Baltimore,Maryland,21290,12/26/2017
769,769,8 Independence Pass,68275 Division Center,Pensacola,Florida,32505,1/31/2018
770,770,68 Lerdahl Alley,50 Logan Pass,Valley Forge,Pennsylvania,19495,3/11/2018
771,771,63830 South Avenue,151 Hoffman Lane,Oklahoma City,Oklahoma,73119,10/14/2017
772,772,55532 Sauthoff Way,85 Lien Alley,Columbus,Ohio,43284,5/12/2018
773,773,260 Hanson Park,19 Dayton Lane,Cincinnati,Ohio,45238,4/13/2018
774,774,875 Lillian Court,00571 Sachs Court,Arlington,Texas,76016,11/9/2017
775,775,0 Marcy Park,44 Express Terrace,El Paso,Texas,88584,9/9/2017
776,776,12 Golf Avenue,35 Amoth Terrace,Monticello,Minnesota,55585,4/14/2018
777,777,7 Charing Cross Park,2 Mitchell Parkway,Saint Louis,Missouri,63116,11/28/2017
778,778,77479 Fairview Alley,05 Daystar Trail,Tampa,Florida,33673,1/16/2018
779,779,2019 Judy Trail,7357 School Junction,Shawnee Mission,Kansas,66225,6/27/2018
780,780,821 Lotheville Avenue,9049 Namekagon Circle,Amarillo,Texas,79165,4/22/2018
781,781,34556 Mayfield Road,2 Nelson Junction,Memphis,Tennessee,38197,10/20/2017
782,782,2 Memorial Parkway,8611 North Avenue,Denver,Colorado,80255,10/3/2017
783,783,99 Victoria Point,8 Rieder Place,Pueblo,Colorado,81005,7/12/2017
784,784,43649 Saint Paul Place,5 Harper Park,Saginaw,Michigan,48609,8/12/2017
785,785,406 Cardinal Lane,4 Jenifer Parkway,Columbus,Georgia,31914,10/8/2017
786,786,30 Lakeland Street,6 Cardinal Way,Jamaica,New York,11499,5/20/2018
787,787,26542 Westerfield Junction,235 Homewood Crossing,Richmond,Virginia,23289,8/5/2017
788,788,5 Novick Park,2 Summit Parkway,New Orleans,Louisiana,70174,4/14/2018
789,789,6744 Nelson Plaza,204 Manley Trail,Evansville,Indiana,47712,2/2/2018
790,790,1 Hayes Pass,66964 Superior Road,Lexington,Kentucky,40505,8/7/2017
791,791,3318 Farmco Terrace,8 Sherman Drive,Appleton,Wisconsin,54915,1/7/2018
792,792,852 Crowley Alley,49 Fuller Trail,Santa Barbara,California,93150,2/5/2018
793,793,5 Hanover Road,23 Summer Ridge Lane,Lafayette,Louisiana,70593,5/12/2018
794,794,5053 Brown Pass,9268 Judy Terrace,Wilkes Barre,Pennsylvania,18768,8/9/2017
795,795,23886 Cottonwood Lane,6 Spenser Avenue,Tulsa,Oklahoma,74133,6/22/2018
796,796,79 Crowley Street,361 Eagan Way,Worcester,Massachusetts,01610,2/26/2018
797,797,17364 Oxford Drive,51 Arapahoe Center,Richmond,Virginia,23213,9/5/2017
798,798,15 Paget Alley,70056 Mesta Plaza,Memphis,Tennessee,38109,12/18/2017
799,799,519 Buhler Point,3 Linden Hill,Boston,Massachusetts,02124,8/18/2017
800,800,8 Hollow Ridge Park,945 Weeping Birch Pass,Arlington,Texas,76011,10/11/2017
801,801,3 Vernon Park,7 Red Cloud Way,Naples,Florida,34114,10/29/2017
802,802,14 La Follette Hill,73 Hanover Alley,Los Angeles,California,90020,1/4/2018
803,803,34 Ridge Oak Center,4 Kinsman Court,Burbank,California,91520,5/5/2018
804,804,59 Jenna Parkway,7 Marcy Drive,Decatur,Illinois,62525,6/14/2018
805,805,3634 Golden Leaf Center,2 Dottie Trail,Anderson,South Carolina,29625,5/6/2018
806,806,0979 Roxbury Park,9 Westerfield Street,Lawrenceville,Georgia,30045,4/8/2018
807,807,9168 Vera Drive,60 Karstens Park,Saint Louis,Missouri,63116,5/26/2018
808,808,25 Pearson Place,31433 Luster Place,Houston,Texas,77005,10/30/2017
809,809,9168 Northview Parkway,93984 Spaight Crossing,Honolulu,Hawaii,96845,10/12/2017
810,810,53383 Declaration Lane,1848 Pennsylvania Lane,Dayton,Ohio,45440,8/12/2017
811,811,79040 Tony Road,1293 Jay Court,Fort Lauderdale,Florida,33305,12/16/2017
812,812,24928 Nelson Center,5904 Clemons Road,Terre Haute,Indiana,47805,12/17/2017
813,813,7899 Bashford Junction,0 Fairview Junction,New York City,New York,10004,1/15/2018
814,814,82147 Hauk Circle,4 Northland Trail,Memphis,Tennessee,38104,12/22/2017
815,815,7 Russell Place,325 Granby Parkway,Washington,District of Columbia,20535,10/14/2017
816,816,9548 Summit Court,22198 Stoughton Road,Tulsa,Oklahoma,74193,5/1/2018
817,817,32 Hudson Pass,01538 Dwight Avenue,Austin,Texas,78726,1/1/2018
818,818,53 Caliangt Parkway,86560 Express Trail,San Diego,California,92176,1/16/2018
819,819,0115 Mesta Lane,1 Helena Plaza,Louisville,Kentucky,40215,9/8/2017
820,820,251 Carioca Way,28 Dahle Road,Huntsville,Alabama,35895,9/16/2017
821,821,0 Aberg Point,52186 Mcguire Plaza,Corpus Christi,Texas,78470,12/1/2017
822,822,9 Cottonwood Pass,66 Montana Alley,Louisville,Kentucky,40250,9/21/2017
823,823,947 Brickson Park Avenue,4304 Stoughton Hill,Utica,New York,13505,2/16/2018
824,824,19 Dawn Park,94 Riverside Alley,Columbia,South Carolina,29215,3/7/2018
825,825,4 Vera Street,1623 Express Lane,Las Vegas,Nevada,89125,2/28/2018
826,826,2073 Holy Cross Park,6 Ruskin Junction,Lakeland,Florida,33805,5/9/2018
827,827,4114 Forest Terrace,5767 Talmadge Park,Lakeland,Florida,33805,6/26/2018
828,828,286 Vahlen Street,16329 Ryan Way,Anaheim,California,92825,5/7/2018
829,829,8 Dahle Road,1568 Grim Drive,Fort Lauderdale,Florida,33330,10/14/2017
830,830,5 Basil Alley,9832 Dawn Pass,Miami,Florida,33124,12/9/2017
831,831,792 Lukken Center,40451 Mcguire Drive,Chattanooga,Tennessee,37450,2/7/2018
832,832,9 Wayridge Terrace,989 Bellgrove Avenue,Cape Coral,Florida,33915,6/15/2018
833,833,442 Hoard Junction,33 Lake View Center,Corpus Christi,Texas,78415,2/19/2018
834,834,291 Mayfield Parkway,8258 Kropf Point,Houston,Texas,77095,4/4/2018
835,835,1 Lunder Pass,1212 Fieldstone Point,Asheville,North Carolina,28805,7/7/2018
836,836,96 Mallory Street,19989 Lakeland Junction,Houston,Texas,77212,5/5/2018
837,837,576 Warbler Drive,5 Lyons Place,Bonita Springs,Florida,34135,7/7/2018
838,838,0 Hallows Junction,3533 Stuart Street,Waterbury,Connecticut,06721,12/17/2017
839,839,102 Mcbride Park,16 Carpenter Lane,Garden Grove,California,92844,5/19/2018
840,840,1080 Bowman Circle,944 Myrtle Place,New Orleans,Louisiana,70179,8/7/2017
841,841,4 Packers Park,0 Walton Parkway,Elmira,New York,14905,10/8/2017
842,842,2 Northland Junction,4 Westport Hill,Corpus Christi,Texas,78465,10/21/2017
843,843,889 American Ash Road,23633 Pine View Road,Jacksonville,Florida,32204,7/18/2017
844,844,1 Dexter Center,442 Southridge Center,Shawnee Mission,Kansas,66205,12/7/2017
845,845,74130 Eliot Point,3934 Schiller Junction,Huntington,West Virginia,25726,1/12/2018
846,846,6745 Washington Parkway,65 Everett Crossing,Nashville,Tennessee,37228,7/5/2018
847,847,14 Autumn Leaf Trail,5204 Scofield Crossing,Miami,Florida,33283,1/17/2018
848,848,659 North Terrace,069 Grasskamp Circle,New Orleans,Louisiana,70183,3/12/2018
849,849,69 American Ash Center,70537 Holmberg Hill,Saint Louis,Missouri,63116,5/24/2018
850,850,29 Bellgrove Lane,54000 Milwaukee Junction,Sacramento,California,95894,2/24/2018
851,851,49244 Bayside Center,9719 Dayton Crossing,New York City,New York,10079,10/26/2017
852,852,8 Merry Place,296 Saint Paul Street,Dallas,Texas,75372,2/18/2018
853,853,3748 Golf Trail,152 Hovde Way,Arlington,Texas,76096,12/4/2017
854,854,380 Melvin Street,065 Haas Plaza,Corona,California,92878,8/27/2017
855,855,07780 Heffernan Alley,00 Shasta Hill,Boynton Beach,Florida,33436,11/13/2017
856,856,16 Bowman Way,94390 Twin Pines Street,Pittsburgh,Pennsylvania,15250,9/18/2017
857,857,7121 Monument Circle,5 Esch Junction,Gastonia,North Carolina,28055,9/8/2017
858,858,29549 Prairieview Parkway,76 Old Gate Drive,Baltimore,Maryland,21216,11/3/2017
859,859,44256 South Road,087 Vahlen Point,Atlanta,Georgia,30356,2/24/2018
860,860,8 Rowland Plaza,5 Spaight Drive,San Antonio,Texas,78240,8/3/2017
861,861,7 Kenwood Alley,107 Transport Hill,Torrance,California,90510,11/26/2017
862,862,2804 Cordelia Junction,928 Memorial Way,Charleston,West Virginia,25305,3/4/2018
863,863,94540 Lake View Plaza,08610 Lunder Trail,Miami,Florida,33129,12/3/2017
864,864,7164 Scoville Pass,7 Almo Way,Dallas,Texas,75287,6/20/2018
865,865,07115 Jay Circle,6115 Division Point,Evansville,Indiana,47719,9/17/2017
866,866,78044 Jenifer Parkway,663 Morningstar Street,Santa Fe,New Mexico,87592,4/2/2018
867,867,62127 Westerfield Road,3914 Bobwhite Center,San Antonio,Texas,78250,12/24/2017
868,868,45686 Atwood Place,73116 Artisan Plaza,Boston,Massachusetts,02114,4/3/2018
869,869,32653 Algoma Junction,0721 Homewood Street,Fresno,California,93750,2/15/2018
870,870,38 Butternut Crossing,1127 Oak Lane,Racine,Wisconsin,53405,8/16/2017
871,871,97201 Crescent Oaks Plaza,6 Autumn Leaf Circle,Waterbury,Connecticut,06705,8/2/2017
872,872,913 Barnett Terrace,4 Quincy Parkway,Maple Plain,Minnesota,55572,6/11/2018
873,873,7 Upham Center,2700 Eagle Crest Trail,Salt Lake City,Utah,84120,3/2/2018
874,874,4 Sunnyside Crossing,74 Jay Parkway,Spring,Texas,77388,12/26/2017
875,875,6 Hayes Pass,259 Nova Place,Bridgeport,Connecticut,06673,5/22/2018
876,876,4771 Ronald Regan Center,42 Scoville Court,Bethesda,Maryland,20816,5/6/2018
877,877,5 Melby Avenue,76266 Katie Crossing,Norfolk,Virginia,23509,7/7/2018
878,878,3060 Hayes Plaza,72 Lyons Parkway,Grand Rapids,Michigan,49510,9/11/2017
879,879,079 Crowley Plaza,62010 Dottie Lane,Fort Lauderdale,Florida,33315,9/17/2017
880,880,469 Jenna Junction,7918 Carioca Court,Richmond,Virginia,23293,10/29/2017
881,881,54 Colorado Street,39 Haas Lane,Fort Lauderdale,Florida,33345,4/1/2018
882,882,1938 Hazelcrest Trail,53 Corry Circle,Monticello,Minnesota,55565,1/31/2018
883,883,777 Northland Parkway,17 Sutteridge Hill,Fullerton,California,92835,9/12/2017
884,884,927 Forest Parkway,0 Schurz Junction,Dayton,Ohio,45426,11/25/2017
885,885,4171 Bunker Hill Terrace,41 Longview Circle,Anderson,South Carolina,29625,7/7/2018
886,886,18 Myrtle Drive,88246 Rigney Parkway,Las Vegas,Nevada,89193,10/5/2017
887,887,9493 Claremont Street,54 Harbort Trail,Dayton,Ohio,45408,4/1/2018
888,888,3 Marquette Parkway,200 Rusk Street,Knoxville,Tennessee,37914,1/15/2018
889,889,712 Bunker Hill Plaza,55 Bashford Street,Huntsville,Texas,77343,11/10/2017
890,890,780 Colorado Lane,111 Messerschmidt Park,Pensacola,Florida,32505,10/23/2017
891,891,18 Kenwood Lane,0826 Springs Parkway,New Castle,Pennsylvania,16107,2/22/2018
892,892,3881 Meadow Ridge Point,7749 Farwell Circle,Hartford,Connecticut,06105,12/22/2017
893,893,76618 Trailsway Road,9048 Eagle Crest Point,Chula Vista,California,91913,7/11/2017
894,894,795 High Crossing Parkway,3122 Barnett Plaza,Huntington Beach,California,92648,6/22/2018
895,895,977 Melody Hill,37111 Lien Drive,Omaha,Nebraska,68144,4/13/2018
896,896,140 Sommers Park,2 Golf View Alley,Baltimore,Maryland,21281,12/1/2017
897,897,008 Hayes Hill,04442 Waxwing Parkway,Tucson,Arizona,85720,2/19/2018
898,898,6219 Grim Plaza,366 Briar Crest Alley,Montgomery,Alabama,36195,11/12/2017
899,899,0156 Anthes Court,6352 Oak Valley Lane,Bronx,New York,10464,4/19/2018
900,900,3 Schlimgen Trail,693 Cottonwood Circle,Washington,District of Columbia,20046,11/3/2017
901,901,86 Elgar Hill,865 Hovde Park,Waterbury,Connecticut,06705,1/29/2018
902,902,7 Tomscot Crossing,136 Sunfield Place,Duluth,Minnesota,55811,4/9/2018
903,903,6 Dunning Center,02373 Shoshone Court,New Orleans,Louisiana,70129,12/3/2017
904,904,51356 Eliot Lane,75 Autumn Leaf Lane,Garland,Texas,75049,9/7/2017
905,905,71 Roxbury Avenue,7414 Granby Parkway,Austin,Texas,78726,10/23/2017
906,906,5 Kennedy Crossing,1 Quincy Lane,Philadelphia,Pennsylvania,19125,7/6/2018
907,907,83 Brentwood Place,8 Ridge Oak Court,Washington,District of Columbia,20022,10/29/2017
908,908,447 Bunker Hill Place,2854 Thierer Drive,Denver,Colorado,80209,1/14/2018
909,909,5 Maryland Terrace,3 Granby Junction,Pueblo,Colorado,81005,4/11/2018
910,910,11 Crescent Oaks Court,390 Ludington Drive,Amarillo,Texas,79188,2/18/2018
911,911,1 Carberry Crossing,21519 Talisman Plaza,Spokane,Washington,99260,2/9/2018
912,912,6638 Cambridge Street,46 Grasskamp Point,Lynchburg,Virginia,24503,7/7/2018
913,913,191 Walton Trail,86 Sauthoff Lane,Springfield,Massachusetts,01152,4/6/2018
914,914,5 Northfield Park,9 Esch Hill,San Antonio,Texas,78205,10/10/2017
915,915,06 Summerview Center,0624 Prairie Rose Junction,Oklahoma City,Oklahoma,73167,1/12/2018
916,916,4827 Basil Street,8111 Mifflin Center,Saint Paul,Minnesota,55127,12/6/2017
917,917,8 Roxbury Crossing,220 Melby Trail,York,Pennsylvania,17405,7/5/2018
918,918,20 South Pass,032 Susan Road,Las Vegas,Nevada,89145,1/26/2018
919,919,36 Briar Crest Way,73114 Ridge Oak Hill,Tulsa,Oklahoma,74193,6/22/2018
920,920,9 Kenwood Court,78 Park Meadow Pass,Charlotte,North Carolina,28272,5/27/2018
921,921,7 Reinke Way,94763 Bowman Court,Oklahoma City,Oklahoma,73104,1/31/2018
922,922,1331 Caliangt Plaza,5 Fallview Avenue,White Plains,New York,10606,11/11/2017
923,923,2 Ruskin Way,14 Chive Street,Torrance,California,90505,12/19/2017
924,924,8185 Oriole Alley,49092 Larry Point,Columbia,South Carolina,29225,1/29/2018
925,925,34 Summer Ridge Junction,5 Ridge Oak Street,Grand Rapids,Michigan,49505,12/1/2017
926,926,7 Ludington Drive,17778 Morning Crossing,Fort Collins,Colorado,80525,10/21/2017
927,927,8857 Center Place,9533 Darwin Circle,Nashville,Tennessee,37245,12/20/2017
928,928,023 Jenna Junction,6 Hagan Court,Toledo,Ohio,43656,8/22/2017
929,929,62 Hauk Crossing,20508 Nelson Avenue,Saint Petersburg,Florida,33705,3/29/2018
930,930,91 Talmadge Plaza,899 Kings Street,Reading,Pennsylvania,19605,2/9/2018
931,931,405 Veith Circle,3 Schurz Park,Escondido,California,92030,2/12/2018
932,932,91 Bobwhite Junction,7583 Everett Place,Roanoke,Virginia,24014,4/6/2018
933,933,727 1st Lane,2 Warner Place,Hicksville,New York,11854,12/30/2017
934,934,9852 Hoepker Parkway,0 Pierstorff Alley,Albany,New York,12237,3/17/2018
935,935,36263 Ramsey Street,972 Cherokee Plaza,Arlington,Virginia,22225,4/10/2018
936,936,470 Packers Place,23480 Eastwood Drive,Irvine,California,92612,12/26/2017
937,937,769 Bashford Court,196 Division Road,San Francisco,California,94137,5/16/2018
938,938,46271 Anderson Park,53155 Crowley Center,San Jose,California,95138,4/13/2018
939,939,511 3rd Center,6901 Reinke Alley,Santa Ana,California,92725,9/7/2017
940,940,9 Novick Plaza,919 Shasta Crossing,Iowa City,Iowa,52245,6/18/2018
941,941,67763 Pond Terrace,453 Mayer Center,Miami,Florida,33158,9/17/2017
942,942,212 Loftsgordon Circle,7301 Luster Parkway,Chicago,Illinois,60681,9/12/2017
943,943,22391 Reindahl Drive,775 Lotheville Plaza,Fort Myers,Florida,33994,3/14/2018
944,944,927 Blackbird Alley,916 Arapahoe Road,Saint Louis,Missouri,63167,4/20/2018
945,945,22 Hintze Trail,501 Pierstorff Park,San Antonio,Texas,78245,7/20/2017
946,946,5977 Beilfuss Alley,9976 Talmadge Pass,Las Vegas,Nevada,89135,8/7/2017
947,947,50790 Melody Terrace,3 Maple Center,Inglewood,California,90305,6/2/2018
948,948,890 Clemons Hill,04672 Maple Wood Avenue,Huntington,West Virginia,25726,3/6/2018
949,949,056 Lawn Circle,87 Division Park,Nashville,Tennessee,37215,4/11/2018
950,950,84583 Toban Terrace,720 Evergreen Pass,Knoxville,Tennessee,37939,4/23/2018
951,951,5 Magdeline Circle,84 Bowman Lane,Columbus,Ohio,43226,11/14/2017
952,952,218 Dorton Lane,8 Brentwood Trail,Warren,Ohio,44485,7/31/2017
953,953,1 Burning Wood Parkway,56675 Kropf Center,Dallas,Texas,75367,9/3/2017
954,954,6 Beilfuss Point,1048 Rusk Parkway,Alexandria,Virginia,22313,10/9/2017
955,955,8 Michigan Plaza,8 Homewood Circle,Sacramento,California,95813,7/23/2017
956,956,7 Magdeline Alley,77774 Springview Street,Cincinnati,Ohio,45249,5/30/2018
957,957,86 Vahlen Hill,83 Crescent Oaks Terrace,Ashburn,Virginia,22093,4/20/2018
958,958,72065 Coleman Circle,62 Hoepker Circle,Chico,California,95973,11/29/2017
959,959,54092 Towne Crossing,64754 Lake View Junction,Fresno,California,93726,5/7/2018
960,960,87756 Jay Circle,2754 Eagan Pass,Trenton,New Jersey,08695,5/27/2018
961,961,5189 Bobwhite Crossing,8 Cardinal Drive,Temple,Texas,76505,8/7/2017
962,962,01862 Susan Parkway,97882 Lillian Alley,Washington,District of Columbia,20210,9/30/2017
963,963,85 Lerdahl Avenue,7 Eliot Street,Albuquerque,New Mexico,87110,6/15/2018
964,964,008 Johnson Street,823 Maywood Place,San Francisco,California,94159,1/17/2018
965,965,88 Crest Line Hill,04 Mcbride Road,Alexandria,Virginia,22333,2/5/2018
966,966,36101 Warrior Terrace,3 Valley Edge Place,Brockton,Massachusetts,02405,4/4/2018
967,967,07 Moland Hill,06 School Parkway,Dulles,Virginia,20189,6/24/2018
968,968,13 Vidon Park,956 Sachtjen Trail,Tucson,Arizona,85710,12/21/2017
969,969,8098 Havey Lane,9 Emmet Crossing,Des Moines,Iowa,50362,2/26/2018
970,970,30193 Helena Alley,056 Havey Alley,Crawfordsville,Indiana,47937,9/6/2017
971,971,592 Toban Center,3879 Warbler Drive,Anderson,Indiana,46015,7/8/2017
972,972,3 Jay Circle,2 Welch Drive,West Palm Beach,Florida,33405,1/27/2018
973,973,79 Prentice Pass,58225 Riverside Crossing,Kansas City,Missouri,64125,9/9/2017
974,974,8 Buhler Way,2305 Blackbird Alley,Alpharetta,Georgia,30022,7/29/2017
975,975,87486 Miller Drive,93 Florence Crossing,Portsmouth,Virginia,23705,12/8/2017
976,976,63296 Paget Crossing,64 Kim Point,Melbourne,Florida,32941,8/26/2017
977,977,58473 Anhalt Point,38 Twin Pines Terrace,Lubbock,Texas,79410,11/7/2017
978,978,66954 Monument Park,4724 Thierer Drive,Simi Valley,California,93094,3/17/2018
979,979,55 Killdeer Avenue,1 Pankratz Terrace,Milwaukee,Wisconsin,53225,9/27/2017
980,980,73624 Westerfield Trail,30478 Sunnyside Circle,Birmingham,Alabama,35225,2/9/2018
981,981,32985 Debra Point,60 Merchant Circle,Amarillo,Texas,79165,8/24/2017
982,982,91 South Drive,30 Sunnyside Place,Scottsdale,Arizona,85255,3/22/2018
983,983,019 Mendota Road,3 Delladonna Junction,El Paso,Texas,88525,5/20/2018
984,984,3 Muir Street,869 Luster Lane,Wilmington,Delaware,19897,3/13/2018
985,985,9 Green Ridge Way,054 Victoria Street,Sacramento,California,94280,4/7/2018
986,986,78 Nobel Trail,2331 Pond Parkway,El Paso,Texas,79984,2/14/2018
987,987,71540 Arapahoe Park,62639 Golf View Terrace,New Orleans,Louisiana,70142,11/6/2017
988,988,3468 Bultman Junction,738 Badeau Junction,Winston Salem,North Carolina,27110,6/13/2018
989,989,164 Walton Road,344 Lakewood Lane,Philadelphia,Pennsylvania,19136,6/12/2018
990,990,7 Donald Avenue,666 Manley Point,Cleveland,Ohio,44197,7/30/2017
991,991,31805 Bonner Terrace,777 Maryland Point,Bethlehem,Pennsylvania,18018,8/7/2017
992,992,03989 Kedzie Parkway,70 Gulseth Court,Monroe,Louisiana,71213,12/22/2017
993,993,0287 Beilfuss Way,3477 Corscot Pass,Raleigh,North Carolina,27626,6/4/2018
994,994,96 Harper Plaza,8405 Eggendart Pass,Tuscaloosa,Alabama,35405,12/30/2017
995,995,0175 Grayhawk Center,92595 Stone Corner Avenue,Fredericksburg,Virginia,22405,1/16/2018
996,996,7142 Warbler Plaza,9458 Mockingbird Court,Rochester,New York,14646,9/28/2017
997,997,94763 Cherokee Trail,89038 Clyde Gallagher Parkway,San Francisco,California,94147,6/12/2018
998,998,77 Carberry Street,37 Dovetail Circle,Des Moines,Iowa,50315,9/15/2017
999,999,9244 Chive Circle,33085 Vidon Road,Bronx,New York,10474,2/27/2018
1000,1000,432 Monument Pass,37 Lunder Parkway,Wilmington,Delaware,19810,9/22/2017
