OrderID,CustomerID,ProductName,Date
1,1,Boogies,9/29/2017
2,2,"Bread - Bagels, Plain",5/31/2018
3,3,Pail For Lid 1537,9/27/2017
4,4,Sambuca Cream,2/11/2018
5,5,Pork - Ham Hocks - Smoked,8/25/2017
6,6,Lettuce - Spring Mix,4/13/2018
7,7,Beef - Inside Round,5/25/2018
8,8,Broom And Brush Rack Black,2/19/2018
9,9,Calypso - Strawberry Lemonade,9/4/2017
10,10,Dill Weed - Fresh,10/21/2017
11,11,"Beef - Cooked, Corned",11/20/2017
12,12,Stock - Fish,1/9/2018
13,13,Flour - Bread,7/5/2018
14,14,Milk - Chocolate 250 Ml,6/9/2018
15,15,Chocolate - Mi - Amere Semi,4/29/2018
16,16,Bagels Poppyseed,10/30/2017
17,17,Soup - Campbells Asian Noodle,10/20/2017
18,18,Longos - Lasagna Veg,6/30/2018
19,19,Wine - Penfolds Koonuga Hill,2/11/2018
20,20,Pastry - Banana Tea Loaf,12/10/2017
21,21,"Stock - Veal, White",12/26/2017
22,22,"Beef - Tongue, Cooked",8/6/2017
23,23,"Brandy - Orange, Mc Guiness",3/30/2018
24,24,Chick Peas - Dried,10/24/2017
25,25,Pea - Snow,6/30/2018
26,26,Yoghurt Tubes,4/4/2018
27,27,Sobe - Lizard Fuel,11/15/2017
28,28,Wine - Wyndham Estate Bin 777,9/11/2017
29,29,Quail - Jumbo Boneless,11/17/2017
30,30,Chinese Foods - Thick Noodles,1/4/2018
31,31,Dehydrated Kelp Kombo,10/14/2017
32,32,Lotus Leaves,7/2/2018
33,33,Pork Casing,5/9/2018
34,34,Hipnotiq Liquor,3/19/2018
35,35,"Yeast - Fresh, Fleischman",10/14/2017
36,36,Paste - Black Olive,9/5/2017
37,37,Eggplant - Regular,6/28/2018
38,38,Cherries - Frozen,6/12/2018
39,39,Appetizer - Seafood Assortment,10/22/2017
40,40,Beer - Original Organic Lager,5/6/2018
41,41,Mini - Vol Au Vents,2/1/2018
42,42,Beef - Top Sirloin,11/3/2017
43,43,Icecream - Dstk Strw Chseck,10/31/2017
44,44,Chicken - Tenderloin,2/28/2018
45,45,Coffee - Decafenated,8/22/2017
46,46,"Bread - Pullman, Sliced",11/26/2017
47,47,Beef - Kobe Striploin,9/26/2017
48,48,Celery,10/15/2017
49,49,"Bread - Dark Rye, Loaf",4/20/2018
50,50,Rice - Jasmine Sented,2/11/2018
51,51,Alize Red Passion,1/22/2018
52,52,Foie Gras,9/15/2017
53,53,Dried Figs,6/12/2018
54,54,"Tart Shells - Sweet, 3",3/20/2018
55,55,"Syrup - Golden, Lyles",11/20/2017
56,56,Wild Boar - Tenderloin,5/5/2018
57,57,Mussels - Cultivated,10/21/2017
58,58,Compound - Mocha,7/21/2017
59,59,Chutney Sauce - Mango,7/25/2017
60,60,Flower - Leather Leaf Fern,6/26/2018
61,61,Pasta - Cheese / Spinach Bauletti,7/18/2017
62,62,"Bread - Pita, Mini",8/4/2017
63,63,Ecolab Silver Fusion,4/30/2018
64,64,Blueberries - Frozen,10/20/2017
65,65,Sambuca Cream,9/24/2017
66,66,Lettuce - Boston Bib,5/17/2018
67,67,Milkettes - 2%,4/22/2018
68,68,Creme De Menth - White,5/15/2018
69,69,Cheese - Gorgonzola,10/11/2017
70,70,Beer - Molson Excel,1/5/2018
71,71,Wine - Shiraz Wolf Blass Premium,2/24/2018
72,72,Bread - Mini Hamburger Bun,3/10/2018
73,73,Bread - Ciabatta Buns,7/14/2017
74,74,"Cherries - Maraschino,jar",11/3/2017
75,75,Bread - Petit Baguette,7/15/2017
76,76,"Wine - White, Gewurtzraminer",9/5/2017
77,77,Marjoram - Fresh,1/20/2018
78,78,"Rum - Cream, Amarula",6/29/2018
79,79,Beef - Rib Eye Aaa,3/25/2018
80,80,Tea - Herbal I Love Lemon,11/4/2017
81,81,Snapple - Mango Maddness,9/20/2017
82,82,Cake - Dulce De Leche,3/13/2018
83,83,"Shrimp - 16/20, Peeled Deviened",11/19/2017
84,84,Kohlrabi,10/27/2017
85,85,"Tart Shells - Barquettes, Savory",5/17/2018
86,86,"Radish - Black, Winter, Organic",12/31/2017
87,87,Beef - Montreal Smoked Brisket,10/30/2017
88,88,Five Alive Citrus,9/17/2017
89,89,Cheese - Camembert,12/28/2017
90,90,Table Cloth 54x72 Colour,8/15/2017
91,91,Wine - Vouvray Cuvee Domaine,4/27/2018
92,92,Table Cloth 91x91 Colour,8/29/2017
93,93,Apricots - Halves,3/4/2018
94,94,Beef Ground Medium,2/20/2018
95,95,"Veal - Brisket, Provimi,bnls",11/17/2017
96,96,Sea Urchin,3/27/2018
97,97,Beef - Short Ribs,12/8/2017
98,98,"Bread - Rolls, Corn",2/17/2018
99,99,Salmon Steak - Cohoe 6 Oz,5/28/2018
100,100,Ice Cream - Strawberry,3/18/2018
101,101,Beef Tenderloin Aaa,12/27/2017
102,102,"Juice - Pineapple, 341 Ml",3/13/2018
103,103,Wine - Casablanca Valley,5/27/2018
104,104,Honey - Liquid,8/17/2017
105,105,"Tortillas - Flour, 10",11/11/2017
106,106,Grapes - Green,9/15/2017
107,107,Broccoli - Fresh,5/19/2018
108,108,Chivas Regal - 12 Year Old,2/4/2018
109,109,Guava,5/30/2018
110,110,Nacho Chips,12/22/2017
111,111,Extract - Lemon,9/18/2017
112,112,Blueberries - Frozen,4/21/2018
113,113,"Basil - Dry, Rubbed",5/5/2018
114,114,Wine - Puligny Montrachet A.,1/29/2018
115,115,Sprouts - Alfalfa,6/7/2018
116,116,"Pepsi, 355 Ml",8/29/2017
117,117,Hipnotiq Liquor,11/28/2017
118,118,Cabbage Roll,6/13/2018
119,119,Artichoke - Fresh,4/2/2018
120,120,"Wine - White, Ej Gallo",12/23/2017
121,121,Clams - Canned,11/21/2017
122,122,Wine - Chateau Bonnet,3/13/2018
123,123,Rosemary - Fresh,10/15/2017
124,124,Pastry - Key Limepoppy Seed Tea,9/3/2017
125,125,Carroway Seed,3/13/2018
126,126,Cream - 18%,11/16/2017
127,127,"Pasta - Linguini, Dry",1/17/2018
128,128,"Fish - Artic Char, Cold Smoked",7/28/2017
129,129,Butter - Salted,8/29/2017
130,130,Table Cloth 90x90 Colour,7/30/2017
131,131,"Pork - Loin, Boneless",2/23/2018
132,132,Coffee Caramel Biscotti,5/3/2018
133,133,Ice Cream - Fudge Bars,12/23/2017
134,134,Sterno - Chafing Dish Fuel,4/9/2018
135,135,Ice Cream Bar - Rolo Cone,7/21/2017
136,136,Ice Cream - Super Sandwich,3/6/2018
137,137,Corn Syrup,6/30/2018
138,138,Squid - Tubes / Tenticles 10/20,3/15/2018
139,139,Bagel - Whole White Sesame,8/14/2017
140,140,Aspic - Light,5/10/2018
141,141,"Trout - Rainbow, Fresh",8/18/2017
142,142,"Pasta - Orzo, Dry",4/6/2018
143,143,Langers - Mango Nectar,2/15/2018
144,144,Jolt Cola,5/12/2018
145,145,Cabbage Roll,9/22/2017
146,146,Eggplant Italian,8/4/2017
147,147,Butcher Twine 4r,9/30/2017
148,148,"Cheese - Romano, Grated",2/27/2018
149,149,Bread Foccacia Whole,4/26/2018
150,150,Nori Sea Weed - Gold Label,6/23/2018
151,151,Ecolab - Balanced Fusion,2/10/2018
152,152,Flavouring Vanilla Artificial,11/18/2017
153,153,Cinnamon Buns Sticky,4/16/2018
154,154,Honey - Comb,10/21/2017
155,155,Beer - Moosehead,7/17/2017
156,156,"Roe - Lump Fish, Red",9/29/2017
157,157,Rootbeer,11/12/2017
158,158,External Supplier,1/19/2018
159,159,"Coke - Classic, 355 Ml",5/10/2018
160,160,Gelatine Leaves - Bulk,8/1/2017
161,161,Wine - Beaujolais Villages,1/28/2018
162,162,Pork Salted Bellies,3/30/2018
163,163,Silicone Parch. 16.3x24.3,12/24/2017
164,164,Sour Cream,6/27/2018
165,165,Tea - Lemon Scented,5/18/2018
166,166,Carbonated Water - Lemon Lime,7/6/2018
167,167,Lamb - Ground,5/22/2018
168,168,Beef - Tender Tips,3/24/2018
169,169,"Melon - Watermelon, Seedless",11/26/2017
170,170,Wine - Pinot Grigio Collavini,1/20/2018
171,171,Grapes - Red,12/19/2017
172,172,Dried Apple,9/27/2017
173,173,"Chilli Paste, Sambal Oelek",7/7/2018
174,174,Vodka - Smirnoff,6/18/2018
175,175,Peppercorns - Green,5/20/2018
176,176,"Wine - Red, Gallo, Merlot",7/22/2017
177,177,Wine - Stoneliegh Sauvignon,9/25/2017
178,178,"Soup - Campbells, Spinach Crm",11/23/2017
179,179,Sauce - Thousand Island,1/14/2018
180,180,"Tart Shells - Savory, 4",12/13/2017
181,181,Bacardi Breezer - Tropical,4/28/2018
182,182,Nantucket - 518ml,1/16/2018
183,183,French Pastry - Mini Chocolate,8/10/2017
184,184,Flour - Strong Pizza,5/21/2018
185,185,"Pail - 4l White, With Handle",8/9/2017
186,186,"Beets - Candy Cane, Organic",6/27/2018
187,187,Shiratamako - Rice Flour,11/8/2017
188,188,"Jam - Marmalade, Orange",3/30/2018
189,189,Foam Cup 6 Oz,11/16/2017
190,190,Flour - Masa De Harina Mexican,2/25/2018
191,191,"Wine - White, Schroder And Schyl",7/6/2018
192,192,Mudslide,5/16/2018
193,193,Muffin Mix - Oatmeal,3/31/2018
194,194,Jam - Apricot,3/25/2018
195,195,Venison - Liver,9/14/2017
196,196,"Juice - Pineapple, 341 Ml",6/6/2018
197,197,Flour - Cake,9/5/2017
198,198,Table Cloth 90x90 White,2/12/2018
199,199,Bread Base - Toscano,7/30/2017
200,200,Tomatoes - Yellow Hot House,2/14/2018
201,201,Milk - Skim,2/19/2018
202,202,Coffee - Frthy Coffee Crisp,4/22/2018
203,203,Beef - Striploin Aa,11/10/2017
204,204,"Tart Shells - Savory, 2",4/30/2018
205,205,"Bread - Pullman, Sliced",4/10/2018
206,206,Heavy Duty Dust Pan,2/24/2018
207,207,Shopper Bag - S - 4,2/12/2018
208,208,Cheese - Brick With Pepper,7/8/2017
209,209,Pastry - Baked Scones - Mini,6/29/2018
210,210,Cranberries - Fresh,2/5/2018
211,211,"Wine - Harrow Estates, Vidal",3/2/2018
212,212,White Fish - Filets,7/11/2017
213,213,"Veal - Insides, Grains",2/27/2018
214,214,Wine - Sauvignon Blanc,7/7/2018
215,215,Flour - All Purpose,1/5/2018
216,216,Tomatoes - Yellow Hot House,4/2/2018
217,217,Squash - Sunburst,10/18/2017
218,218,Salmon - Canned,6/21/2018
219,219,Spic And Span All Purpose,8/18/2017
220,220,Beef - Sushi Flat Iron Steak,5/28/2018
221,221,Raisin - Dark,6/28/2018
222,222,Cheese - Grie Des Champ,4/1/2018
223,223,Bonito Flakes - Toku Katsuo,1/11/2018
224,224,Potatoes - Peeled,3/28/2018
225,225,Tomato - Tricolor Cherry,8/3/2017
226,226,Cumin - Whole,11/26/2017
227,227,"Ecolab - Orange Frc, Cleaner",3/21/2018
228,228,"Pepper - Chillies, Crushed",7/7/2018
229,229,Muffin Hinge Container 6,11/4/2017
230,230,Cheese - St. Andre,8/10/2017
231,231,"Pepper - Green, Chili",6/18/2018
232,232,"Nut - Cashews, Whole, Raw",7/22/2017
233,233,Pie Shell - 5,10/24/2017
234,234,Wine - Ej Gallo Sonoma,5/24/2018
235,235,"Coffee - Beans, Whole",5/10/2018
236,236,"Pepper - Paprika, Spanish",6/10/2018
237,237,Potatoes - Idaho 100 Count,2/22/2018
238,238,Sugar - Monocystal / Rock,10/12/2017
239,239,Skirt - 24 Foot,6/27/2018
240,240,Mikes Hard Lemonade,8/30/2017
241,241,Cleaner - Comet,8/2/2017
242,242,Veal - Osso Bucco,3/15/2018
243,243,Flour - Pastry,12/18/2017
244,244,Wine - Periguita Fonseca,11/27/2017
245,245,Ice Cream - Fudge Bars,7/20/2017
246,246,Wine - Rioja Campo Viejo,3/27/2018
247,247,"Soup - Knorr, Chicken Noodle",4/15/2018
248,248,Soup - Cream Of Potato / Leek,4/16/2018
249,249,Cake - Pancake,9/16/2017
250,250,"Mushroom - Shitake, Fresh",8/24/2017
251,251,Milk - Homo,2/12/2018
252,252,"Soup - Knorr, Classic Can. Chili",8/8/2017
253,253,Cheese Cloth No 60,11/26/2017
254,254,Fiddlehead - Frozen,12/7/2017
255,255,Beans - Green,1/24/2018
256,256,Ecolab - Ster Bac,10/8/2017
257,257,Dome Lid Clear P92008h,11/30/2017
258,258,Water - Aquafina Vitamin,10/3/2017
259,259,"Yeast - Fresh, Fleischman",6/13/2018
260,260,Puree - Mocha,5/11/2018
261,261,Carbonated Water - Raspberry,11/6/2017
262,262,Chinese Foods - Chicken,10/2/2017
263,263,Oats Large Flake,9/1/2017
264,264,Gelatine Leaves - Envelopes,7/15/2017
265,265,"Bread - Pita, Mini",6/25/2018
266,266,Straws - Cocktale,12/6/2017
267,267,Wine - Mondavi Coastal Private,2/26/2018
268,268,Sauce - Demi Glace,3/23/2018
269,269,Butter Sweet,3/12/2018
270,270,Rice - Jasmine Sented,10/31/2017
271,271,Chocolate Bar - Oh Henry,7/22/2017
272,272,Foam Dinner Plate,7/9/2017
273,273,Squash - Sunburst,6/19/2018
274,274,Quinoa,10/16/2017
275,275,Cake Slab,3/26/2018
276,276,Almonds Ground Blanched,7/24/2017
277,277,Pepper Squash,8/3/2017
278,278,Potatoes - Parissienne,6/16/2018
279,279,Soup Campbells - Italian Wedding,12/31/2017
280,280,Tart - Raisin And Pecan,4/3/2018
281,281,Lettuce - Treviso,10/9/2017
282,282,"Syrup - Monin, Amaretta",10/18/2017
283,283,Sugar - Individual Portions,1/19/2018
284,284,"Wine - Red, Pinot Noir, Chateau",1/29/2018
285,285,"Beer - Alexander Kieths, Pale Ale",1/4/2018
286,286,Temperature Recording Station,9/18/2017
287,287,Bacardi Mojito,4/2/2018
288,288,Cleaner - Pine Sol,10/27/2017
289,289,Sesame Seed Black,10/24/2017
290,290,Ocean Spray - Kiwi Strawberry,8/24/2017
291,291,Apricots - Dried,5/23/2018
292,292,Wine - Balbach Riverside,6/3/2018
293,293,Turkey Tenderloin Frozen,11/5/2017
294,294,Easy Off Oven Cleaner,3/6/2018
295,295,Glass Clear 7 Oz Xl,9/12/2017
296,296,"Pepper - Paprika, Spanish",6/22/2018
297,297,Calvados - Boulard,1/25/2018
298,298,Swiss Chard - Red,3/1/2018
299,299,Wine - Pinot Noir Pond Haddock,3/26/2018
300,300,Dates,9/12/2017
301,301,"Coffee - Beans, Whole",4/9/2018
302,302,Bagelers - Cinn / Brown,7/20/2017
303,303,Clams - Bay,5/24/2018
304,304,Wine - Crozes Hermitage E.,12/1/2017
305,305,Silicone Paper 16.5x24,2/24/2018
306,306,Energy - Boo - Koo,7/18/2017
307,307,Sour Puss Sour Apple,2/28/2018
308,308,Dehydrated Kelp Kombo,6/27/2018
309,309,"Veal - Inside Round / Top, Lean",6/13/2018
310,310,Tamarind Paste,6/28/2018
311,311,Island Oasis - Strawberry,8/26/2017
312,312,"Pasta - Penne, Lisce, Dry",8/30/2017
313,313,General Purpose Trigger,4/4/2018
314,314,Fireball Whisky,12/29/2017
315,315,Rabbit - Whole,5/3/2018
316,316,"Roe - Lump Fish, Black",1/29/2018
317,317,"Crab - Dungeness, Whole, live",1/18/2018
318,318,Carbonated Water - Raspberry,10/21/2017
319,319,Blackberries,5/7/2018
320,320,Bacardi Raspberry,8/31/2017
321,321,"Sauce - Soya, Light",3/29/2018
322,322,Sterno - Chafing Dish Fuel,7/25/2017
323,323,Poppy Seed,2/2/2018
324,324,Crab - Meat,11/18/2017
325,325,Wine - Saint Emilion Calvet,4/28/2018
326,326,Potatoes - Idaho 80 Count,12/3/2017
327,327,Shrimp - Black Tiger 6 - 8,3/24/2018
328,328,"Tabasco Sauce, 2 Oz",2/7/2018
329,329,"Juice - Pineapple, 341 Ml",10/17/2017
330,330,Table Cloth 81x81 White,12/8/2017
331,331,Food Colouring - Red,1/23/2018
332,332,"Coconut - Shredded, Unsweet",6/14/2018
333,333,"Peas - Pigeon, Dry",4/16/2018
334,334,Pastry - Butterscotch Baked,9/4/2017
335,335,Laundry - Bag Cloth,9/20/2017
336,336,Lamb Shoulder Boneless Nz,10/3/2017
337,337,Scallops - In Shell,2/25/2018
338,338,Puree - Guava,8/27/2017
339,339,"Cheese - Manchego, Spanish",4/22/2018
340,340,Compound - Mocha,4/23/2018
341,341,"Juice - Pineapple, 48 Oz",8/28/2017
342,342,Coffee - Almond Amaretto,11/4/2017
343,343,Yogurt - Plain,10/21/2017
344,344,Shrimp - Prawn,10/26/2017
345,345,Pepper - Gypsy Pepper,10/19/2017
346,346,"Soup - French Onion, Dry",6/12/2018
347,347,Water - Green Tea Refresher,3/9/2018
348,348,Container - Foam Dixie 12 Oz,12/2/2017
349,349,Yokaline,3/19/2018
350,350,Pork Salted Bellies,1/14/2018
351,351,Chef Hat 25cm,10/1/2017
352,352,"C - Plus, Orange",9/12/2017
353,353,Wine - Ruffino Chianti Classico,10/23/2017
354,354,Wine - Ruffino Chianti Classico,9/23/2017
355,355,"7up Diet, 355 Ml",12/7/2017
356,356,Bagel - Whole White Sesame,9/6/2017
357,357,Brandy Cherry - Mcguinness,3/15/2018
358,358,"Chicken - White Meat, No Tender",3/17/2018
359,359,Jameson - Irish Whiskey,5/21/2018
360,360,Corn Kernels - Frozen,1/17/2018
361,361,Catfish - Fillets,6/5/2018
362,362,Nantucket - 518ml,11/10/2017
363,363,Cheese - Parmesan Cubes,8/16/2017
364,364,Milk - 2% 250 Ml,4/18/2018
365,365,Bread - Flat Bread,9/15/2017
366,366,Cinnamon Rolls,7/29/2017
367,367,"Flour - Corn, Fine",3/15/2018
368,368,Eel Fresh,3/17/2018
369,369,"Asparagus - White, Fresh",12/5/2017
370,370,Cleaner - Bleach,9/23/2017
371,371,Sauce - Balsamic Viniagrette,8/11/2017
372,372,Bag - Clear 7 Lb,12/7/2017
373,373,Appetizer - Tarragon Chicken,8/21/2017
374,374,Vinegar - White,2/16/2018
375,375,Pastry - Butterscotch Baked,12/17/2017
376,376,Pastry - Chocolate Chip Muffin,12/24/2017
377,377,"Turnip - White, Organic",8/18/2017
378,378,Sage - Ground,8/27/2017
379,379,Lotus Rootlets - Canned,7/18/2017
380,380,"Trout - Hot Smkd, Dbl Fillet",10/8/2017
381,381,"Mushroom - Enoki, Dry",11/5/2017
382,382,Beans - Yellow,9/11/2017
383,383,Ice Cream - Fudge Bars,9/4/2017
384,384,"Beans - Kidney, Red Dry",10/15/2017
385,385,Beef - Inside Round,8/26/2017
386,386,Pork - Backfat,1/27/2018
387,387,Eggplant - Baby,11/6/2017
388,388,Turkey - Oven Roast Breast,11/8/2017
389,389,Sauce Bbq Smokey,3/6/2018
390,390,"Potatoes - Purple, Organic",2/1/2018
391,391,"Soda Water - Club Soda, 355 Ml",4/8/2018
392,392,Jello - Assorted,8/14/2017
393,393,Soup - Campbells Pasta Fagioli,1/29/2018
394,394,Island Oasis - Ice Cream Mix,2/1/2018
395,395,Container - Clear 32 Oz,11/20/2017
396,396,Calvados - Boulard,3/31/2018
397,397,Coffee - Flavoured,4/1/2018
398,398,Loquat,11/2/2017
399,399,Wine - Merlot Vina Carmen,11/24/2017
400,400,Onions - White,11/30/2017
401,401,"Potatoes - Yukon Gold, 80 Ct",8/21/2017
402,402,Sour Puss Sour Apple,4/4/2018
403,403,Buttons,6/20/2018
404,404,Vegetable - Base,10/26/2017
405,405,Muffin Batt - Blueberry Passion,1/16/2018
406,406,Sauerkraut,1/10/2018
407,407,"Mushroom - Shitake, Fresh",2/7/2018
408,408,"Lamb - Leg, Bone In",8/27/2017
409,409,"Juice - Grapefruit, 341 Ml",10/6/2017
410,410,"Wine - Niagara,vqa Reisling",2/9/2018
411,411,Mcgillicuddy Vanilla Schnap,6/12/2018
412,412,Chicken - White Meat With Tender,6/29/2018
413,413,"Pork - Bacon,back Peameal",3/22/2018
414,414,Wine - Clavet Saint Emilion,2/11/2018
415,415,Coconut - Whole,2/24/2018
416,416,Flour - Semolina,8/3/2017
417,417,Shrimp - 150 - 250,4/12/2018
418,418,Muffins - Assorted,3/21/2018
419,419,Tomatillo,8/1/2017
420,420,Sole - Iqf,9/12/2017
421,421,Island Oasis - Sweet And Sour Mix,6/16/2018
422,422,White Fish - Filets,4/16/2018
423,423,Pails With Lids,8/28/2017
424,424,Tequila - Sauza Silver,8/1/2017
425,425,Chicken - Tenderloin,12/11/2017
426,426,Lid Coffee Cup 8oz Blk,9/7/2017
427,427,Saskatoon Berries - Frozen,9/22/2017
428,428,Cornstarch,5/27/2018
429,429,Cookie Dough - Chunky,6/5/2018
430,430,Carbonated Water - Wildberry,6/21/2018
431,431,Graham Cracker Mix,4/28/2018
432,432,"Flour - Buckwheat, Dark",1/3/2018
433,433,Chicken - Bones,9/20/2017
434,434,Cake - Dulce De Leche,7/15/2017
435,435,Cakes Assorted,11/15/2017
436,436,Soup Campbells - Italian Wedding,7/17/2017
437,437,Figs,5/22/2018
438,438,"Apple - Delicious, Golden",9/20/2017
439,439,Wine - Pinot Noir Stoneleigh,11/25/2017
440,440,Pork - Back Ribs,12/27/2017
441,441,"Tortillas - Flour, 8",2/17/2018
442,442,Garlic,8/22/2017
443,443,Chicken Thigh - Bone Out,7/2/2018
444,444,Coffee - 10oz Cup 92961,10/16/2017
445,445,Coffee Cup 16oz Foam,11/6/2017
446,446,Ginsing - Fresh,10/17/2017
447,447,Sultanas,2/14/2018
448,448,Cookies - Amaretto,10/26/2017
449,449,Cake - French Pear Tart,11/15/2017
450,450,Soup - Campbells,11/3/2017
451,451,Pail For Lid 1537,4/17/2018
452,452,Lamb - Ground,4/18/2018
453,453,"Veal - Leg, Provimi - 50 Lb Max",3/31/2018
454,454,Spinach - Baby,7/22/2017
455,455,Wine - Ruffino Chianti,8/23/2017
456,456,Salmon Atl.whole 8 - 10 Lb,9/6/2017
457,457,Chocolate - Milk,1/23/2018
458,458,"Wine - Red, Gamay Noir",1/13/2018
459,459,Rice - Aborio,6/1/2018
460,460,Amarula Cream,12/30/2017
461,461,Grenadine,9/4/2017
462,462,Chick Peas - Canned,5/31/2018
463,463,Bacon Strip Precooked,3/7/2018
464,464,Juice - Orangina,8/15/2017
465,465,Nut - Macadamia,6/29/2018
466,466,Bread - Olive,6/3/2018
467,467,Soup - Campbells Chicken,3/5/2018
468,468,Cabbage - Savoy,4/11/2018
469,469,Tomato - Peeled Italian Canned,10/11/2017
470,470,Cheese - Ermite Bleu,10/8/2017
471,471,Cookies - Englishbay Wht,3/6/2018
472,472,Soup - Campbells Beef Noodle,7/14/2017
473,473,Longos - Penne With Pesto,9/13/2017
474,474,Daves Island Stinger,10/25/2017
475,475,Coffee Cup 8oz 5338cd,4/9/2018
476,476,Chicken - White Meat With Tender,1/22/2018
477,477,Spinach - Baby,3/26/2018
478,478,"Cake Circle, Paprus",9/14/2017
479,479,Cheese - Swiss Sliced,8/5/2017
480,480,Broom Handle,7/30/2017
481,481,"Soup - Beef Conomme, Dry",7/9/2017
482,482,Sausage - Breakfast,12/27/2017
483,483,Halibut - Fletches,12/16/2017
484,484,Coffee Cup 12oz 5342cd,3/12/2018
485,485,Bacon Strip Precooked,7/1/2018
486,486,Lettuce Romaine Chopped,4/7/2018
487,487,Shark - Loin,1/30/2018
488,488,Cod - Black Whole Fillet,4/5/2018
489,489,Pork - Caul Fat,8/30/2017
490,490,Crackers - Melba Toast,4/17/2018
491,491,"Tart Shells - Savory, 2",9/17/2017
492,492,Coffee - Flavoured,4/5/2018
493,493,"Pork - Bacon, Double Smoked",4/2/2018
494,494,Capers - Ox Eye Daisy,12/30/2017
495,495,Vanilla Beans,2/16/2018
496,496,Ocean Spray - Ruby Red,11/24/2017
497,497,Chinese Foods - Chicken Wing,4/26/2018
498,498,"Melon - Watermelon, Seedless",4/23/2018
499,499,"Bread - Roll, Italian",4/14/2018
500,500,Steel Wool,10/23/2017
501,501,"Pasta - Lasagna Noodle, Frozen",7/14/2017
502,502,"Lemonade - Natural, 591 Ml",11/27/2017
503,503,Beef - Top Butt Aaa,1/6/2018
504,504,Soup Campbells Mexicali Tortilla,10/13/2017
505,505,Appetiser - Bought,7/30/2017
506,506,Sobe - Cranberry Grapefruit,8/2/2017
507,507,Juice - Happy Planet,5/11/2018
508,508,Ecolab - Balanced Fusion,4/17/2018
509,509,Wine - Maipo Valle Cabernet,5/12/2018
510,510,Sugar - White Packet,11/29/2017
511,511,Relish,2/16/2018
512,512,Buttons,5/18/2018
513,513,Onions - Spanish,8/3/2017
514,514,Sauce - Vodka Blush,12/7/2017
515,515,Lettuce - Red Leaf,6/18/2018
516,516,"Juice - Apple, 341 Ml",4/21/2018
517,517,"Syrup - Monin, Irish Cream",12/16/2017
518,518,Wine - Alsace Gewurztraminer,10/6/2017
519,519,"Oil - Shortening,liqud, Fry",11/18/2017
520,520,Tomatillo,7/21/2017
521,521,"Napkin - Cocktail,beige 2 - Ply",11/17/2017
522,522,Potatoes - Peeled,11/19/2017
523,523,Kumquat,3/1/2018
524,524,Bread - Rye,3/3/2018
525,525,Coffee - Cafe Moreno,5/6/2018
526,526,Nougat - Paste / Cream,5/10/2018
527,527,Energy Drink,6/19/2018
528,528,"Soup - Campbells, Minestrone",9/15/2017
529,529,"Appetizer - Spring Roll, Veg",5/20/2018
530,530,Loquat,1/17/2018
531,531,The Pop Shoppe - Cream Soda,4/5/2018
532,532,Chef Hat 25cm,8/2/2017
533,533,"Juice - Orange, Concentrate",1/27/2018
534,534,"Thyme - Lemon, Fresh",10/14/2017
535,535,Milk - Condensed,10/28/2017
536,536,Carrots - Jumbo,3/2/2018
537,537,Tomato Puree,9/8/2017
538,538,"Melon - Watermelon, Seedless",5/3/2018
539,539,Sobe - Orange Carrot,10/24/2017
540,540,Tea Leaves - Oolong,1/11/2018
541,541,Squeeze Bottle,9/15/2017
542,542,"C - Plus, Orange",2/5/2018
543,543,Cookies - Englishbay Wht,4/16/2018
544,544,Lemon Balm - Fresh,5/3/2018
545,545,Turkey Tenderloin Frozen,3/1/2018
546,546,Tomato Paste,8/5/2017
547,547,Hold Up Tool Storage Rack,10/20/2017
548,548,Mikes Hard Lemonade,5/12/2018
549,549,Juice - Propel Sport,4/18/2018
550,550,Wine - Casillero Deldiablo,11/26/2017
551,551,Sprouts - Alfalfa,5/6/2018
552,552,Pur Value,4/5/2018
553,553,Ecolab - Hand Soap Form Antibac,11/30/2017
554,554,"Bread - Bagels, Plain",1/6/2018
555,555,"Wine - Red, Marechal Foch",11/23/2017
556,556,Wine - Balbach Riverside,7/3/2018
557,557,Tea - Grapefruit Green Tea,3/15/2018
558,558,Coffee - Irish Cream,4/24/2018
559,559,Muffin Mix - Lemon Cranberry,7/14/2017
560,560,Seaweed Green Sheets,1/7/2018
561,561,"Cheese - Manchego, Spanish",7/12/2017
562,562,"Veal - Leg, Provimi - 50 Lb Max",7/28/2017
563,563,Scallop - St. Jaques,5/30/2018
564,564,Pepperoni Slices,4/21/2018
565,565,Paper Towel Touchless,10/29/2017
566,566,Chocolate Bar - Oh Henry,12/30/2017
567,567,Tuna - Fresh,11/19/2017
568,568,Cardamon Ground,8/5/2017
569,569,Cup - 4oz Translucent,1/4/2018
570,570,Apple - Royal Gala,5/29/2018
571,571,Liners - Baking Cups,9/11/2017
572,572,Cornflakes,4/26/2018
573,573,Bread Base - Goodhearth,4/9/2018
574,574,Table Cloth 81x81 Colour,12/26/2017
575,575,Longan,3/5/2018
576,576,Sage Ground Wiberg,2/15/2018
577,577,Longos - Lasagna Veg,7/27/2017
578,578,"Chicken - Leg, Boneless",12/19/2017
579,579,"Doilies - 8, Paper",10/29/2017
580,580,Glaze - Clear,12/17/2017
581,581,"Tart Shells - Savory, 4",8/9/2017
582,582,"Wine - Bourgogne 2002, La",11/16/2017
583,583,Soup - Campbells Chili Veg,8/9/2017
584,584,"Tart Shells - Savory, 4",1/31/2018
585,585,Milkettes - 2%,7/27/2017
586,586,Pears - Fiorelle,9/17/2017
587,587,"Wine - Magnotta, White",9/4/2017
588,588,Cardamon Seed / Pod,10/22/2017
589,589,Cheese - Stilton,7/15/2017
590,590,Nori Sea Weed - Gold Label,8/19/2017
591,591,Wine - Carmenere Casillero Del,4/12/2018
592,592,Sprouts - Onion,9/11/2017
593,593,"Trout - Hot Smkd, Dbl Fillet",6/20/2018
594,594,"Pork - Loin, Boneless",10/14/2017
595,595,Wine - Shiraz South Eastern,8/8/2017
596,596,"Napkin - Cocktail,beige 2 - Ply",8/10/2017
597,597,Chocolate - Mi - Amere Semi,6/28/2018
598,598,"Bread - Roll, Italian",1/22/2018
599,599,Mushroom - Porcini Frozen,7/8/2017
600,600,Clementine,9/28/2017
601,601,Pepper - Gypsy Pepper,11/20/2017
602,602,Crab - Imitation Flakes,11/22/2017
603,603,Crab - Meat Combo,9/2/2017
604,604,Mayonnaise - Individual Pkg,12/6/2017
605,605,Flour - Cake,7/1/2018
606,606,"Bread - Roll, Whole Wheat",12/27/2017
607,607,"Veal - Leg, Provimi - 50 Lb Max",3/28/2018
608,608,Bread - Hamburger Buns,3/8/2018
609,609,"Tart Shells - Sweet, 4",4/16/2018
610,610,Oil - Macadamia,2/13/2018
611,611,Sugar - Cubes,1/10/2018
612,612,Puree - Mocha,9/28/2017
613,613,Longos - Chicken Wings,4/25/2018
614,614,"Beef - Cooked, Corned",2/9/2018
615,615,Sugar - Cubes,12/26/2017
616,616,"Wine - White, Colubia Cresh",4/16/2018
617,617,Lettuce Romaine Chopped,12/10/2017
618,618,Sauce - Sesame Thai Dressing,6/18/2018
619,619,Skirt - 29 Foot,1/30/2018
620,620,Pastry - Cheese Baked Scones,1/21/2018
621,621,Langers - Cranberry Cocktail,4/12/2018
622,622,Crab Meat Claw Pasteurise,5/14/2018
623,623,"Mustard - Dry, Powder",1/11/2018
624,624,"Olives - Black, Pitted",8/17/2017
625,625,Beer - Pilsner Urquell,2/22/2018
626,626,Coffee Cup 8oz 5338cd,7/10/2017
627,627,Tea - Herbal I Love Lemon,1/15/2018
628,628,Cabbage Roll,12/11/2017
629,629,Peach - Fresh,4/30/2018
630,630,Bagel - Whole White Sesame,10/27/2017
631,631,"Pepper - Red, Finger Hot",7/23/2017
632,632,Pastry - Chocolate Marble Tea,10/19/2017
633,633,Bread - Rosemary Focaccia,2/21/2018
634,634,"Mushroom - Trumpet, Dry",7/31/2017
635,635,Sprouts - Corn,12/11/2017
636,636,"Pepper - Chillies, Crushed",1/7/2018
637,637,Petite Baguette,11/16/2017
638,638,Cocoa Butter,4/24/2018
639,639,"Beans - Black Bean, Preserved",8/25/2017
640,640,Devonshire Cream,8/28/2017
641,641,Pork - European Side Bacon,5/6/2018
642,642,Jam - Raspberry,6/18/2018
643,643,Cinnamon Buns Sticky,4/16/2018
644,644,Wiberg Cure,1/21/2018
645,645,Coconut Milk - Unsweetened,2/6/2018
646,646,Tea - Decaf 1 Cup,10/23/2017
647,647,Chocolate Bar - Reese Pieces,8/24/2017
648,648,Beef - Flank Steak,7/3/2018
649,649,Cloves - Whole,9/5/2017
650,650,Bread - Multigrain,8/20/2017
651,651,Water - Aquafina Vitamin,4/7/2018
652,652,Water - San Pellegrino,7/10/2017
653,653,Garbage Bags - Clear,12/12/2017
654,654,Pear - Halves,5/16/2018
655,655,Water - Spring Water 500ml,12/22/2017
656,656,"Pork - Loin, Boneless",8/28/2017
657,657,Sea Bass - Fillets,3/11/2018
658,658,"Vermouth - White, Cinzano",4/9/2018
659,659,Glass Clear 7 Oz Xl,4/10/2018
660,660,Flounder - Fresh,8/6/2017
661,661,Muffin Batt - Choc Chk,5/18/2018
662,662,Cheese - Parmesan Grated,4/23/2018
663,663,Sour Puss - Tangerine,3/18/2018
664,664,"Wine - Niagara,vqa Reisling",9/28/2017
665,665,Wiberg Super Cure,5/21/2018
666,666,Wine - Segura Viudas Aria Brut,3/19/2018
667,667,Glaze - Clear,6/18/2018
668,668,Mix Pina Colada,6/30/2018
669,669,Spinach - Baby,4/4/2018
670,670,Vinegar - Tarragon,7/31/2017
671,671,Pork - Ham Hocks - Smoked,2/18/2018
672,672,Potatoes - Peeled,12/7/2017
673,673,Veal - Knuckle,8/3/2017
674,674,Chocolate - Compound Coating,5/18/2018
675,675,Ecolab Digiclean Mild Fm,12/21/2017
676,676,Puree - Passion Fruit,9/30/2017
677,677,Beef - Cow Feet Split,3/28/2018
678,678,Red Pepper Paste,2/18/2018
679,679,Lemon Balm - Fresh,9/6/2017
680,680,"Fish - Halibut, Cold Smoked",7/2/2018
681,681,Drambuie,10/22/2017
682,682,Bread - Olive,1/4/2018
683,683,Kellogs All Bran Bars,7/15/2017
684,684,Cookie Dough - Chocolate Chip,7/12/2017
685,685,Egg Patty Fried,1/25/2018
686,686,Daikon Radish,1/18/2018
687,687,Gatorade - Cool Blue Raspberry,12/23/2017
688,688,Beef - Inside Round,6/3/2018
689,689,Cinnamon Rolls,7/10/2017
690,690,Jam - Raspberry,10/21/2017
691,691,Chicken - Bones,12/5/2017
692,692,Beer - Corona,7/26/2017
693,693,Mint - Fresh,4/11/2018
694,694,Cheese - Perron Cheddar,2/9/2018
695,695,Allspice - Jamaican,3/1/2018
696,696,Pastry - Banana Tea Loaf,4/29/2018
697,697,Bread Base - Italian,6/15/2018
698,698,Towel - Roll White,1/20/2018
699,699,Cookie Dough - Oatmeal Rasin,3/31/2018
700,700,Bagels Poppyseed,11/21/2017
701,701,Lidsoupcont Rp12dn,11/4/2017
702,702,Amaretto,2/18/2018
703,703,Beef - Cow Feet Split,5/6/2018
704,704,"Juice - Tomato, 10 Oz",6/25/2018
705,705,Veal - Kidney,6/26/2018
706,706,Chick Peas - Dried,8/8/2017
707,707,Cookie Chocolate Chip With,2/10/2018
708,708,"Capon - Breast, Wing On",9/13/2017
709,709,"Quail - Whole, Boneless",12/9/2017
710,710,"Lobster - Baby, Boiled",4/19/2018
711,711,"Wine - Red, Antinori Santa",7/13/2017
712,712,Quail - Jumbo Boneless,2/14/2018
713,713,Chocolate - Liqueur Cups With Foil,10/6/2017
714,714,Wine - Champagne Brut Veuve,3/17/2018
715,715,Sugar - Invert,8/6/2017
716,716,Lamb - Loin Chops,2/1/2018
717,717,Snapple Raspberry Tea,1/24/2018
718,718,Wine - Valpolicella Masi,4/11/2018
719,719,Sprouts - Pea,10/9/2017
720,720,Pepper - Cubanelle,1/6/2018
721,721,"Sauce - White, Mix",6/1/2018
722,722,Ecolab - Hobart Washarm End Cap,5/1/2018
723,723,Anchovy Fillets,9/21/2017
724,724,Beef - Tenderloin - Aa,2/18/2018
725,725,"Syrup - Monin, Amaretta",4/25/2018
726,726,Mushrooms - Honey,9/4/2017
727,727,Aspic - Clear,9/21/2017
728,728,"Rum - Spiced, Captain Morgan",2/13/2018
729,729,Wine - Vidal Icewine Magnotta,1/12/2018
730,730,Cod - Black Whole Fillet,3/17/2018
731,731,Container - Foam Dixie 12 Oz,7/15/2017
732,732,"Capon - Breast, Double, Wing On",1/26/2018
733,733,Rosemary - Fresh,4/13/2018
734,734,"Pasta - Fettuccine, Egg, Fresh",8/8/2017
735,735,Cheese Cloth,8/5/2017
736,736,Cake - Box Window 10x10x2.5,9/27/2017
737,737,Turnip - Mini,1/21/2018
738,738,"Stock - Veal, White",3/18/2018
739,739,Wine - Conde De Valdemar,9/15/2017
740,740,Beets,12/3/2017
741,741,"Carrots - Mini, Stem On",11/23/2017
742,742,Neckerchief Blck,5/24/2018
743,743,Compound - Pear,1/24/2018
744,744,Wine - Peller Estates Late,9/30/2017
745,745,"Pepper - White, Whole",9/21/2017
746,746,Dc - Sakura Fu,3/3/2018
747,747,"Soup - Campbells, Cream Of",8/2/2017
748,748,Beer - Guiness,11/30/2017
749,749,Soup - Campbells Chili,9/21/2017
750,750,Island Oasis - Raspberry,11/3/2017
751,751,"Zucchini - Mini, Green",2/19/2018
752,752,Amarula Cream,11/28/2017
753,753,Red Cod Fillets - 225g,2/1/2018
754,754,Bread Base - Toscano,9/30/2017
755,755,Cheese - Mascarpone,5/7/2018
756,756,Apricots - Halves,11/10/2017
757,757,Quail - Jumbo,10/7/2017
758,758,Salt - Seasoned,4/23/2018
759,759,Eggroll,10/18/2017
760,760,"Wine - White, Riesling, Henry Of",2/6/2018
761,761,Chips Potato Salt Vinegar 43g,11/21/2017
762,762,"Fish - Base, Bouillion",1/23/2018
763,763,"Cake Circle, Paprus",4/6/2018
764,764,Taro Leaves,6/24/2018
765,765,Veal - Eye Of Round,6/5/2018
766,766,"Pasta - Cannelloni, Sheets, Fresh",9/8/2017
767,767,Sugar - Palm,10/10/2017
768,768,Appetizer - Tarragon Chicken,10/30/2017
769,769,"Ecolab - Orange Frc, Cleaner",9/15/2017
770,770,Curry Powder Madras,6/8/2018
771,771,Gelatine Leaves - Envelopes,5/7/2018
772,772,Veal - Loin,10/31/2017
773,773,Energy Drink Red Bull,4/22/2018
774,774,"Ham - Smoked, Bone - In",11/18/2017
775,775,"Pasta - Penne, Lisce, Dry",4/28/2018
776,776,Onions - White,8/12/2017
777,777,Banana - Green,12/12/2017
778,778,Sambuca - Opal Nera,7/17/2017
779,779,Banana - Leaves,12/31/2017
780,780,Beef - Short Loin,7/19/2017
781,781,"Red Snapper - Fresh, Whole",6/1/2018
782,782,Assorted Desserts,4/20/2018
783,783,"Salmon - Atlantic, Fresh, Whole",4/10/2018
784,784,Puff Pastry - Sheets,4/4/2018
785,785,Toothpick Frilled,12/16/2017
786,786,Halibut - Fletches,10/14/2017
787,787,"Bread - Roll, Canadian Dinner",3/19/2018
788,788,Beef - Flank Steak,8/4/2017
789,789,Ecolab Digiclean Mild Fm,11/20/2017
790,790,Milk - 1%,3/22/2018
791,791,Pants Custom Dry Clean,5/10/2018
792,792,Tea - Camomele,7/21/2017
793,793,"Pork - Bacon, Double Smoked",12/22/2017
794,794,Breadfruit,8/30/2017
795,795,"Liners - Banana, Paper",3/9/2018
796,796,Glucose,1/17/2018
797,797,Pheasants - Whole,9/26/2017
798,798,Veal - Loin,10/2/2017
799,799,Stock - Fish,10/17/2017
800,800,Vodka - Smirnoff,11/10/2017
801,801,Cheese - Gouda Smoked,11/28/2017
802,802,Ocean Spray - Kiwi Strawberry,3/12/2018
803,803,Tomatoes - Hot House,2/10/2018
804,804,Beef - Top Butt Aaa,3/1/2018
805,805,Salt And Pepper Mix - Black,3/12/2018
806,806,True - Vue Containers,5/7/2018
807,807,Caviar - Salmon,7/10/2017
808,808,Carbonated Water - White Grape,5/19/2018
809,809,Basil - Fresh,3/28/2018
810,810,"Nestea - Ice Tea, Diet",11/21/2017
811,811,Sobe - Berry Energy,10/23/2017
812,812,Cod - Fillets,12/9/2017
813,813,Cheese - Bakers Cream Cheese,7/16/2017
814,814,Appetizer - Southwestern,6/28/2018
815,815,"Nut - Almond, Blanched, Whole",2/6/2018
816,816,Pails With Lids,2/4/2018
817,817,Myers Planters Punch,10/18/2017
818,818,Spic And Span All Purpose,5/23/2018
819,819,Cheese - Blue,4/6/2018
820,820,Chocolate - Mi - Amere Semi,6/4/2018
821,821,Tumeric,8/19/2017
822,822,Knife Plastic - White,10/3/2017
823,823,Basil - Pesto Sauce,1/24/2018
824,824,"Olives - Black, Pitted",9/12/2017
825,825,"Wine - Red, Wolf Blass, Yellow",9/5/2017
826,826,Oil - Olive Bertolli,2/27/2018
827,827,Soup - French Can Pea,4/5/2018
828,828,Mustard - Individual Pkg,11/2/2017
829,829,"Tuna - Canned, Flaked, Light",5/20/2018
830,830,Ginger - Pickled,11/25/2017
831,831,Yoplait Drink,5/18/2018
832,832,Sugar Thermometer,10/17/2017
833,833,Straw - Regular,12/5/2017
834,834,Fork - Plastic,7/14/2017
835,835,Tomato - Plum With Basil,9/12/2017
836,836,Soup - Campbells - Chicken Noodle,6/28/2018
837,837,Chocolate Bar - Oh Henry,5/31/2018
838,838,Muffin - Banana Nut Individual,6/3/2018
839,839,Truffle Cups - Red,11/27/2017
840,840,"Leeks - Baby, White",3/15/2018
841,841,"Sugar - Brown, Individual",9/19/2017
842,842,"Mushroom - Chanterelle, Dry",7/17/2017
843,843,Ham - Black Forest,7/13/2017
844,844,"Nut - Pecan, Halves",3/1/2018
845,845,Chocolate - Chips Compound,10/21/2017
846,846,"Doilies - 8, Paper",8/5/2017
847,847,Pastry - Cheese Baked Scones,12/7/2017
848,848,"Pork - Loin, Center Cut",6/21/2018
849,849,Veal - Kidney,7/28/2017
850,850,Crackers Cheez It,1/8/2018
851,851,"Veal - Tenderloin, Untrimmed",2/21/2018
852,852,Ecolab - Solid Fusion,4/24/2018
853,853,Bread Base - Toscano,6/1/2018
854,854,Alize Sunset,1/16/2018
855,855,Caviar - Salmon,11/4/2017
856,856,Potatoes - Fingerling 4 Oz,6/17/2018
857,857,Beef - Inside Round,5/24/2018
858,858,Pepper - Cubanelle,11/28/2017
859,859,Pepper - Cayenne,7/2/2018
860,860,Truffle Cups Green,12/22/2017
861,861,"Vodka - Hot, Lnferno",8/12/2017
862,862,Pastry - Cherry Danish - Mini,5/14/2018
863,863,Macaroons - Two Bite Choc,12/2/2017
864,864,Amaretto,12/14/2017
865,865,Cup Translucent 9 Oz,9/12/2017
866,866,Cocktail Napkin Blue,9/3/2017
867,867,"Shrimp - 21/25, Peel And Deviened",7/4/2018
868,868,"Juice - Pineapple, 341 Ml",10/5/2017
869,869,Venison - Liver,7/18/2017
870,870,Garlic Powder,12/2/2017
871,871,Jicama,8/8/2017
872,872,Wanton Wrap,5/26/2018
873,873,"Trout - Rainbow, Frozen",12/4/2017
874,874,Ginger - Ground,4/5/2018
875,875,Wine - Two Oceans Cabernet,9/30/2017
876,876,Southern Comfort,1/29/2018
877,877,Cheese - Sheep Milk,2/7/2018
878,878,Cheese - Cottage Cheese,10/7/2017
879,879,Calvados - Boulard,2/9/2018
880,880,Ham Black Forest,11/17/2017
881,881,"Beans - Long, Chinese",4/28/2018
882,882,"Beef - Ground, Extra Lean, Fresh",9/3/2017
883,883,Squid - Tubes / Tenticles 10/20,7/18/2017
884,884,Puree - Raspberry,2/10/2018
885,885,Glass Clear 8 Oz,12/7/2017
886,886,Sour Puss Sour Apple,8/13/2017
887,887,Beer - Fruli,7/16/2017
888,888,Pepper - Red Bell,7/22/2017
889,889,Syrup - Monin - Passion Fruit,2/2/2018
890,890,"Oil - Truffle, White",8/29/2017
891,891,Foie Gras,2/26/2018
892,892,Ice Cream - Fudge Bars,5/19/2018
893,893,Cheese - Stilton,4/18/2018
894,894,Tea - Grapefruit Green Tea,2/19/2018
895,895,Muffin Mix - Oatmeal,12/12/2017
896,896,Soup - Campbells Beef Stew,10/30/2017
897,897,"Potatoes - Instant, Mashed",10/12/2017
898,898,Blueberries - Frozen,2/10/2018
899,899,Bandage - Fexible 1x3,3/15/2018
900,900,Soup - Campbells Mushroom,3/3/2018
901,901,Mousse - Banana Chocolate,4/8/2018
902,902,Potato - Sweet,3/25/2018
903,903,"Pepper - Paprika, Hungarian",3/30/2018
904,904,"Bread - Pullman, Sliced",4/2/2018
905,905,"Pork - Bacon,back Peameal",4/18/2018
906,906,Ham - Black Forest,4/23/2018
907,907,Pork - Caul Fat,2/9/2018
908,908,"Roe - Lump Fish, Red",8/3/2017
909,909,Cranberries - Fresh,11/9/2017
910,910,Sauce - Soy Low Sodium - 3.87l,4/9/2018
911,911,Potatoes - Idaho 80 Count,10/2/2017
912,912,Hot Choc Vending,7/6/2018
913,913,"Beans - Black Bean, Canned",8/12/2017
914,914,"Vodka - Lemon, Absolut",5/25/2018
915,915,Wiberg Super Cure,4/13/2018
916,916,Tomatoes Tear Drop Yellow,10/17/2017
917,917,Beer - Maudite,4/2/2018
918,918,Rice - Brown,3/12/2018
919,919,"Turkey - Breast, Boneless Sk On",2/1/2018
920,920,Garbag Bags - Black,7/27/2017
921,921,"Artichoke - Bottom, Canned",5/4/2018
922,922,"Juice - Orange, 341 Ml",10/29/2017
923,923,Pear - Packum,11/30/2017
924,924,"Asparagus - White, Fresh",10/18/2017
925,925,Bagelers - Cinn / Brown,10/4/2017
926,926,"Rum - Coconut, Malibu",1/21/2018
927,927,Cookies Almond Hazelnut,11/16/2017
928,928,Wine - Pinot Grigio Collavini,10/1/2017
929,929,Kirsch - Schloss,11/2/2017
930,930,Chocolate Liqueur - Godet White,9/28/2017
931,931,Ecolab - Medallion,9/22/2017
932,932,Pasta - Fusili Tri - Coloured,5/23/2018
933,933,Transfer Sheets,1/30/2018
934,934,Flower - Dish Garden,3/18/2018
935,935,Radish,7/20/2017
936,936,Onions Granulated,6/9/2018
937,937,Flower - Dish Garden,3/16/2018
938,938,"Pork - Loin, Center Cut",5/27/2018
939,939,Dates,7/30/2017
940,940,Sage - Rubbed,6/13/2018
941,941,Steel Wool S.o.s,1/17/2018
942,942,"Turkey - Breast, Double",2/6/2018
943,943,"Bread - Pita, Mini",8/19/2017
944,944,"Coconut - Creamed, Pure",6/24/2018
945,945,Apple - Fuji,6/2/2018
946,946,Creme De Banane - Marie,11/24/2017
947,947,Dry Ice,9/14/2017
948,948,Tea - Herbal I Love Lemon,6/27/2018
949,949,"Wine - White, Concha Y Toro",6/14/2018
950,950,Ecolab - Hobart Washarm End Cap,10/25/2017
951,951,Muffin Batt - Ban Dream Zero,10/8/2017
952,952,"Noodles - Cellophane, Thin",10/30/2017
953,953,Cotton Wet Mop 16 Oz,5/8/2018
954,954,Mustard - Seed,5/26/2018
955,955,"Seedlings - Buckwheat, Organic",2/14/2018
956,956,"Jam - Raspberry,jar",2/14/2018
957,957,Pork - Ham Hocks - Smoked,3/14/2018
958,958,Sugar - Invert,4/3/2018
959,959,Beef Flat Iron Steak,1/25/2018
960,960,Ice Cream - Vanilla,12/16/2017
961,961,Beer - Moosehead,5/24/2018
962,962,Strawberries - California,12/23/2017
963,963,The Pop Shoppe - Cream Soda,12/12/2017
964,964,Grapefruit - White,9/8/2017
965,965,Cheese - Goat,2/7/2018
966,966,"Wine - White, Gewurtzraminer",7/15/2017
967,967,Guava,11/6/2017
968,968,Ham - Cooked Bayonne Tinned,2/17/2018
969,969,Bar Mix - Lime,4/26/2018
970,970,"Pepsi, 355 Ml",8/17/2017
971,971,Bread Fig And Almond,10/2/2017
972,972,Wonton Wrappers,11/5/2017
973,973,Beer - Maudite,7/15/2017
974,974,Hersey Shakes,4/29/2018
975,975,"Water - Mineral, Carbonated",4/16/2018
976,976,Lotus Rootlets - Canned,6/12/2018
977,977,Beer - Steamwhistle,5/13/2018
978,978,Bar - Granola Trail Mix Fruit Nut,1/7/2018
979,979,Red Currants,4/13/2018
980,980,Shopper Bag - S - 4,1/31/2018
981,981,"Split Peas - Green, Dry",9/21/2017
982,982,Lettuce - Lambs Mash,5/21/2018
983,983,Chinese Foods - Thick Noodles,9/11/2017
984,984,Sesame Seed Black,1/18/2018
985,985,Muffin Mix - Blueberry,8/10/2017
986,986,"Wine - Cahors Ac 2000, Clos",9/7/2017
987,987,"Split Peas - Yellow, Dry",4/8/2018
988,988,Sour Puss Sour Apple,7/25/2017
989,989,Strawberries,2/10/2018
990,990,Sauce - Fish 25 Ozf Bottle,6/21/2018
991,991,Straw - Regular,11/15/2017
992,992,Bag - Clear 7 Lb,8/21/2017
993,993,Bagel - Sesame Seed Presliced,9/23/2017
994,994,Gatorade - Cool Blue Raspberry,9/7/2017
995,995,Water - Perrier,1/20/2018
996,996,Pastry - Chocolate Marble Tea,1/20/2018
997,997,Appetizer - Veg Assortment,12/20/2017
998,998,Bread - Onion Focaccia,10/25/2017
999,999,Beef - Texas Style Burger,8/31/2017
1000,1000,Plastic Wrap,12/15/2017
